NestID,Num,FEDate,EntDate,FoFDate,Fail,Fail Cat,Aban,NeHW,NeCB,NnHW,NnCB,NfHW,NfCB,xLong,yLat,EntAge,FoFAge,NDays,Year,Mo,FEDay,CBP,fYear,CBHatch,SurHat?
PP-31,1,5/22/13,5/22/13,5/23/13,1,Yes,0,1,0,0,0,0,0,-79.93467,41.77365,0,1,1,2013,5,22,No,y2013,0,0
Z-21,1,5/23/13,5/23/13,6/8/13,1,Yes,0,2,0,0,0,0,0,-79.94226,41.77987,0,16,16,2013,5,23,No,y2013,0,0
W-23,1,5/23/13,5/23/13,6/7/13,1,Yes,0,4,1,0,0,0,0,-79.94153,41.78115,0,15,15,2013,5,23,Yes,y2013,0,0
CC-27,1,5/23/13,5/24/13,6/15/13,0,No,0,4,0,2,0,2,0,-79.93824,41.77895,1,23,22,2013,5,23,No,y2013,0,1
JJ-31,1,5/23/13,5/27/13,6/6/13,1,Yes,0,4,0,0,0,0,0,-79.93505,41.77596,4,14,10,2013,5,23,No,y2013,0,0
PP-40 (King Road),1,5/23/13,5/25/13,6/8/13,1,Yes,0,3,1,0,0,0,0,-79.93023,41.77331,2,16,14,2013,5,23,Yes,y2013,0,0
J-14,1,5/24/13,5/24/13,6/14/13,1,Yes,0,3,1,3,0,0,0,-79.94814,41.78653,0,21,21,2013,5,24,Yes,y2013,0,1
Y-19,1,5/24/13,5/24/13,6/18/13,0,No,0,3,1,3,0,3,0,-79.94417,41.78011,0,25,25,2013,5,24,Yes,y2013,0,1
DD-22,1,5/24/13,5/24/13,6/11/13,1,Yes,0,2,1,0,0,0,0,-79.94208,41.77829,0,18,18,2013,5,24,Yes,y2013,0,0
BB-24,1,5/24/13,5/24/13,6/16/13,0,No,0,3,0,3,0,3,0,-79.94028,41.77894,0,23,23,2013,5,24,No,y2013,0,1
NN-34,1,5/24/13,5/25/13,6/4/13,1,Yes,0,4,0,0,0,0,0,-79.93317,41.77436,1,11,10,2013,5,24,No,y2013,0,0
GG-36,1,5/24/13,5/27/13,6/6/13,1,Yes,1,1,1,0,0,0,0,-79.93217,41.77762,3,13,10,2013,5,24,Yes,y2013,0,0
LL-36,1,5/24/13,5/27/13,6/3/13,1,Yes,0,1,1,0,0,0,0,-79.93201,41.77576,3,10,7,2013,5,24,Yes,y2013,0,0
N-17,1,5/25/13,5/29/13,6/15/13,1,Yes,0,4,1,0,0,0,0,-79.9459,41.78487,4,21,17,2013,5,25,Yes,y2013,0,0
U-19,1,5/25/13,5/29/13,6/17/13,0,No,0,3,0,3,0,3,0,-79.9437,41.78194,4,23,19,2013,5,25,No,y2013,0,1
PP-30,1,5/25/13,5/25/13,5/26/13,1,Yes,1,0,1,0,0,0,0,-79.93528,41.77377,0,1,1,2013,5,25,Yes,y2013,0,0
FF-36,1,5/25/13,5/30/13,5/31/13,1,Yes,0,2,1,0,0,0,0,-79.93288,41.77808,5,6,1,2013,5,25,Yes,y2013,0,0
U-22,1,5/26/13,5/29/13,6/3/13,1,Yes,1,3,0,0,0,0,0,-79.94216,41.78219,3,8,5,2013,5,26,No,y2013,0,0
Z-26,1,5/26/13,5/29/13,6/10/13,1,Yes,1,1,2,0,0,0,0,-79.93964,41.77982,3,15,12,2013,5,26,Yes,y2013,0,0
GG-30,1,5/26/13,5/27/13,5/30/13,1,Yes,0,2,0,0,0,0,0,-79.93635,41.77724,1,4,3,2013,5,26,No,y2013,0,0
I-17,1,5/27/13,5/29/13,6/19/13,0,No,0,4,0,3,0,2,0,-79.94637,41.78676,2,23,21,2013,5,27,No,y2013,0,1
PP-33,1,5/27/13,5/27/13,6/9/13,1,Yes,0,3,0,0,0,0,0,-79.93346,41.77337,0,13,13,2013,5,27,No,y2013,0,0
II-33,1,5/28/13,6/15/13,6/20/13,1,Yes,0,null,0,1,0,0,0,-79.93423,41.77637,18,23,5,2013,5,28,No,y2013,0,1
S-15,1,5/30/13,6/4/13,6/23/13,0,No,0,4,0,4,0,4,0,-79.94651,41.78228,5,24,19,2013,5,30,No,y2013,0,1
BB-34,1,5/30/13,6/2/13,6/13/13,1,Yes,1,2,1,0,0,0,0,-79.93453,41.77997,3,14,11,2013,5,30,Yes,y2013,0,0
X-27,1,5/31/13,5/31/13,6/23/13,0,No,0,4,0,4,0,4,0,-79.93919,41.78115,0,23,23,2013,5,31,No,y2013,0,1
Q-15,1,6/1/13,6/12/13,6/18/13,1,Yes,0,2,1,2,0,0,0,-79.94692,41.78318,11,17,6,2013,6,32,Yes,y2013,0,1
GG-22,1,6/1/13,6/3/13,6/24/13,0,No,0,4,0,4,0,4,0,-79.94133,41.77671,2,23,21,2013,6,32,No,y2013,0,1
U-28,1,6/1/13,6/2/13,6/24/13,0,No,0,4,0,4,0,4,0,-79.93867,41.7827,1,23,22,2013,6,32,No,y2013,0,1
H-13,1,6/2/13,6/2/13,6/4/13,1,Yes,0,1,0,0,0,0,0,-79.94894,41.78725,0,2,2,2013,6,33,No,y2013,0,0
K-19,1,6/2/13,6/9/13,6/26/13,0,No,0,4,0,4,0,4,0,-79.94459,41.78613,7,24,17,2013,6,33,No,y2013,0,1
HH-26,3,6/2/13,6/7/13,6/25/13,0,No,0,4,0,4,0,4,0,-79.93839,41.7767,5,23,18,2013,6,33,No,y2013,0,1
EE-31,1,6/2/13,6/2/13,6/7/13,1,Yes,0,3,0,0,0,0,0,-79.93562,41.77822,0,5,5,2013,6,33,No,y2013,0,0
LL-34,1,6/2/13,6/7/13,6/16/13,1,Yes,0,4,0,0,0,0,0,-79.93338,41.77504,5,14,9,2013,6,33,No,y2013,0,0
GG-30,2,6/3/13,6/19/13,6/27/13,0,No,0,4,0,4,0,4,0,-79.93612,41.77751,16,24,8,2013,6,34,No,y2013,0,1
PP-30,2,6/3/13,6/9/13,6/13/13,1,Yes,1,2,1,0,0,0,0,-79.9357,41.77369,6,10,4,2013,6,34,Yes,y2013,0,0
L-18 (L-16),2,6/5/13,6/9/13,6/28/13,0,No,0,4,0,4,0,4,0,-79.94563,41.78598,4,23,19,2013,6,36,No,y2013,0,1
R-22,2,6/5/13,6/9/13,6/29/13,0,No,0,4,0,4,0,4,0,-79.94251,41.78322,4,24,20,2013,6,36,No,y2013,0,1
FF-36 (GG-36),2,6/6/13,6/17/13,6/28/13,0,No,0,2,0,2,0,2,0,-79.93271,41.77776,11,22,11,2013,6,37,No,y2013,0,1
AA-18,1,6/7/13,6/12/13,6/13/13,1,Yes,1,2,0,0,0,0,0,-79.94402,41.77908,5,6,1,2013,6,38,No,y2013,0,0
EE-40,1,6/9/13,6/19/13,7/2/13,0,No,0,3,0,3,0,3,0,-79.93027,41.77876,10,23,13,2013,6,40,No,y2013,0,1
JJ-30 (JJ-31),2,6/11/13,6/11/13,6/13/13,1,Yes,0,2,0,0,0,0,0,-79.93616,41.77597,0,2,2,2013,6,42,No,y2013,0,0
DD-30,1,6/12/13,6/12/13,7/4/13,0,No,0,3,1,3,0,3,0,-79.93677,41.77888,0,22,22,2013,6,43,Yes,y2013,0,1
PP-30,1,6/12/13,6/19/13,6/20/13,1,Yes,0,4,0,0,0,0,0,-79.93596,41.77365,7,8,1,2013,6,43,No,y2013,0,0
H-10 (H-13),2,6/13/13,6/24/13,6/29/13,1,Yes,0,4,1,0,0,0,0,-79.95103,41.78698,11,16,5,2013,6,44,Yes,y2013,0,0
V-23 (W-23),2,6/13/13,6/13/13,7/7/13,0,No,0,4,0,4,0,4,0,-79.94143,41.78152,0,24,24,2013,6,44,No,y2013,0,1
AA-25 (Z-26),1,6/13/13,6/16/13,7/6/13,0,No,0,3,0,3,0,3,0,-79.93996,41.77975,3,23,20,2013,6,44,No,y2013,0,1
OO-36 (NN-34),2,6/15/13,6/15/13,6/27/13,1,Yes,0,4,0,0,0,0,0,-79.93246,41.77413,0,12,12,2013,6,46,No,y2013,0,0
EE-43,1,6/15/13,6/19/13,6/20/13,1,Yes,0,2,1,0,0,0,0,-79.92811,41.77902,4,5,1,2013,6,46,Yes,y2013,0,0
Y-21 (Z-21),2,6/16/13,6/18/13,7/7/13,0,No,0,3,0,3,0,3,0,-79.94189,41.78014,2,21,19,2013,6,47,No,y2013,0,1
BB-21 (AA-18),2,6/18/13,6/25/13,7/12/13,0,No,0,4,0,4,0,4,0,-79.94209,41.77847,7,24,17,2013,6,49,No,y2013,0,1
CC-23 (DD-22),2,6/18/13,6/19/13,7/14/13,1,Yes,0,4,0,0,0,0,0,-79.9409,41.77867,1,26,25,2013,6,49,No,y2013,0,0
PP-32 (PP-33),2,6/18/13,6/19/13,7/10/13,1,Yes,0,1,2,0,1,0,1,-79.93455,41.7736,1,22,21,2013,6,49,Yes,y2013,1,1
PP-40 (King Road),2,6/18/13,6/18/13,6/27/13,1,Yes,0,3,1,0,0,0,0,-79.93034,41.77348,0,9,9,2013,6,49,Yes,y2013,0,0
O-19,2,6/19/13,6/19/13,7/12/13,1,Yes,0,4,0,0,0,0,0,-79.94454,41.78454,0,23,23,2013,6,50,No,y2013,0,0
LL-29 (JJ-31),3,6/21/13,6/21/13,7/13/13,0,No,0,2,0,2,0,2,0,-79.93636,41.77515,0,22,22,2013,6,52,No,y2013,0,1
LL-33 (LL-34),2,6/21/13,6/22/13,7/14/13,0,No,0,4,0,4,0,4,0,-79.93381,41.77522,1,23,22,2013,6,52,No,y2013,0,1
BB-34,2,6/23/13,7/5/13,7/12/13,1,Yes,0,4,0,4,0,0,0,-79.93384,41.78073,12,19,7,2013,6,54,No,y2013,0,1
P-12 (Q-15),2,6/24/13,7/3/13,7/18/13,0,No,0,3,0,3,0,3,0,-79.94831,41.78358,9,24,15,2013,6,55,No,y2013,0,1
X-19 (Y-19),2,6/26/13,7/8/13,7/19/13,1,Yes,0,4,0,3,0,3,0,-79.94447,41.78056,12,23,11,2013,6,57,No,y2013,0,1
LL-36,2,6/27/13,7/1/13,7/4/13,1,Yes,0,1,1,0,0,0,0,-79.93227,41.77822,4,7,3,2013,6,58,Yes,y2013,0,0
DD-26 (BB-24),2,6/29/13,7/2/13,7/22/13,0,No,0,3,0,2,0,2,0,-79.9388,41.77809,3,23,20,2013,6,60,No,y2013,0,1
T-19 (U-19),2,7/1/13,7/3/13,7/24/13,0,No,0,4,0,3,0,3,0,-79.94348,41.78241,2,23,21,2013,7,62,No,y2013,0,1
L-18 (L-16),3,7/2/13,7/10/13,7/26/13,0,No,0,4,0,3,0,3,0,-79.94557,41.78543,8,24,16,2013,7,63,No,y2013,0,1
NN-34,3,7/2/13,7/7/13,7/26/13,0,No,0,4,0,4,0,4,0,-79.9328,41.77445,5,24,19,2013,7,63,No,y2013,0,1
King Road (PP-40),3,7/2/13,7/6/13,7/23/13,0,No,0,3,0,1,0,1,0,-79.93018,41.77409,4,21,17,2013,7,63,No,y2013,0,1
G-17 (I-17),2,7/3/13,7/10/13,7/19/13,1,Yes,0,3,0,0,0,0,0,-79.94638,41.78801,7,16,9,2013,7,64,No,y2013,0,0
I-12 (H-13),3,7/5/13,7/6/13,7/18/13,1,Yes,0,3,0,0,0,0,0,-79.94959,41.78667,1,13,12,2013,7,66,No,y2013,0,0
P-11,1,7/6/13,7/6/13,7/30/13,0,No,0,4,0,4,0,4,0,-79.94926,41.78336,0,24,24,2013,7,67,No,y2013,0,1
K-15 (J-14),2,7/6/13,7/6/13,7/12/13,1,Yes,0,4,0,0,0,0,0,-79.94762,41.78618,0,6,6,2013,7,67,No,y2013,0,0
U-28,2,7/6/13,7/11/13,7/28/13,0,No,0,3,0,3,0,2,0,-79.93943,41.78255,5,22,17,2013,7,67,No,y2013,0,1
X-27,2,7/6/13,7/11/13,7/19/13,1,Yes,0,4,0,0,0,0,0,-79.93914,41.78099,5,13,8,2013,7,67,No,y2013,0,0
GG-26 (HH-26),2,7/6/13,7/11/13,7/29/13,0,No,0,4,0,3,0,3,0,-79.93864,41.77706,5,23,18,2013,7,67,No,y2013,0,1
DD-28 (CC-27),2,7/6/13,7/7/13,7/28/13,0,No,0,3,0,3,0,3,0,-79.93763,41.77844,1,22,21,2013,7,67,No,y2013,0,1
PP-30,4,7/8/13,7/9/13,7/30/13,0,No,0,3,0,3,0,3,0,-79.93579,41.77364,1,22,21,2013,7,69,No,y2013,0,1
T-16 (S-15),2,7/10/13,7/12/13,7/25/13,0,No,0,3,0,3,0,null,0,-79.94592,41.7823,2,15,13,2013,7,71,No,y2013,0,1
K-21 (K-19),2,7/10/13,7/15/13,7/25/13,0,No,0,4,0,4,0,null,0,-79.94353,41.78629,5,15,10,2013,7,71,No,y2013,0,1
JJ-35 (LL-36),3,7/11/13,7/14/13,7/26/13,0,No,0,3,0,3,0,null,0,-79.93311,41.77645,3,15,12,2013,7,72,No,y2013,0,1
GG-22,2,7/12/13,7/14/13,7/19/13,1,Yes,0,3,0,0,0,0,0,-79.9414,41.77646,2,7,5,2013,7,73,No,y2013,0,0
Y-23 (Z-21),3,7/14/13,7/16/13,7/25/13,0,No,0,3,0,null,0,null,0,-79.94116,41.78066,2,11,9,2013,7,75,No,y2013,0,null
EE-30 (GG-30),3,7/14/13,7/14/13,7/24/13,0,No,0,3,0,null,0,null,0,-79.93656,41.77815,0,10,10,2013,7,75,No,y2013,0,null
EE-39 (EE-40),2,7/14/13,7/18/13,7/27/13,1,Yes,1,3,0,0,0,0,0,-79.93066,41.7788,4,13,9,2013,7,75,No,y2013,0,0
KK-27 (JJ-31),4,7/18/13,7/25/13,8/9/13,0,No,0,3,0,3,0,3,0,-79.93733,41.7751,7,22,15,2013,7,79,No,y2013,0,1
K-15 (J-14),3,7/31/13,8/20/13,8/23/13,0,No,0,3,0,3,0,3,0,-79.94765,41.78611,20,23,3,2013,7,92,No,y2013,0,1
DD-22,1,5/19/14,5/23/14,6/5/14,1,Yes,0,3,0,3,0,0,0,-79.94096,41.77822,4,17,13,2014,5,19,No,y2014,0,1
KK-27,1,5/19/14,5/19/14,6/12/14,0,No,0,4,0,4,0,3,0,-79.93796,41.77509,0,24,24,2014,5,19,No,y2014,0,1
Z-24,1,5/20/14,5/20/14,6/9/14,1,Yes,0,3,1,0,0,0,0,-79.94041,41.78009,0,20,20,2014,5,20,Yes,y2014,0,0
W-23,1,5/20/14,5/20/14,5/25/14,1,Yes,0,1,2,0,0,0,0,-79.94158,41.78112,0,5,5,2014,5,20,Yes,y2014,0,0
II-34,1,5/22/14,5/22/14,5/25/14,1,Yes,0,2,2,0,0,0,0,-79.93345,41.77676,0,3,3,2014,5,22,Yes,y2014,0,0
EE-39,1,5/22/14,5/22/14,6/5/14,1,Yes,0,4,1,0,0,0,0,-79.93108,41.77854,0,14,14,2014,5,22,Yes,y2014,0,0
CC-26,1,5/22/14,5/22/14,6/11/14,1,Yes,0,2,1,1,0,0,0,-79.939,41.77867,0,20,20,2014,5,22,Yes,y2014,0,1
EE-43,1,5/22/14,5/22/14,6/15/14,0,No,0,3,1,3,0,3,0,-79.92867,41.7788,0,24,24,2014,5,22,Yes,y2014,0,1
X-21,1,5/22/14,5/23/14,6/15/14,0,No,0,4,0,1,0,1,0,-79.94285,41.78094,1,24,23,2014,5,22,No,y2014,0,1
P-14 (N-11),1,5/22/14,5/23/14,5/25/14,1,Yes,0,2,0,0,0,0,0,-79.94706,41.78371,1,3,2,2014,5,22,No,y2014,0,0
T-23,1,5/23/14,5/23/14,5/29/14,1,Yes,0,2,1,0,0,0,0,-79.94161,41.78244,0,6,6,2014,5,23,Yes,y2014,0,0
R-21,1,5/23/14,5/23/14,6/11/14,1,Yes,0,4,0,4,0,0,0,-79.94302,41.78319,0,19,19,2014,5,23,No,y2014,0,1
Q-19,1,5/23/14,5/23/14,6/15/14,0,No,0,3,2,3,0,3,0,-79.94446,41.78378,0,23,23,2014,5,23,Yes,y2014,0,1
OO-28,1,5/24/14,5/30/14,6/5/14,1,Yes,0,4,0,0,0,0,0,-79.93689,41.77339,6,12,6,2014,5,24,No,y2014,0,0
GG-34,1,5/24/14,6/1/14,6/6/14,1,Yes,0,4,0,0,0,0,0,-79.93382,41.77724,8,13,5,2014,5,24,No,y2014,0,0
MM-37,1,5/24/14,5/26/14,6/10/14,1,Yes,0,3,1,2,0,0,0,-79.93127,41.77512,2,17,15,2014,5,24,Yes,y2014,0,1
DD-33 (BB-34),1,5/24/14,5/24/14,5/26/14,1,Yes,1,1,0,0,0,0,0,-79.93488,41.77904,0,2,2,2014,5,24,No,y2014,0,0
S-16 (S-17),1,5/25/14,5/27/14,6/3/14,1,Yes,1,2,1,0,0,0,0,-79.94604,41.78284,2,9,7,2014,5,25,Yes,y2014,0,0
GG-36,1,5/25/14,5/26/14,6/17/14,0,No,0,4,1,3,0,3,0,-79.93211,41.77783,1,23,22,2014,5,25,Yes,y2014,0,1
PP-33,1,5/26/14,5/26/14,5/27/14,1,Yes,1,0,1,0,0,0,0,-79.93331,41.77345,0,1,1,2014,5,26,Yes,y2014,0,0
FF-26,1,5/26/14,5/26/14,5/28/14,1,Yes,1,1,0,0,0,0,0,-79.93896,41.77726,0,2,2,2014,5,26,No,y2014,0,0
EE-41,1,5/26/14,5/26/14,5/27/14,1,Yes,0,1,0,0,0,0,0,-79.93002,41.77885,0,1,1,2014,5,26,No,y2014,0,0
H-10 (F-11),1,5/27/14,6/1/14,6/20/14,0,No,0,2,2,1,0,1,0,-79.95079,41.78659,5,24,19,2014,5,27,Yes,y2014,0,1
X-27,1,5/27/14,6/1/14,6/19/14,0,No,0,3,1,2,0,2,0,-79.93877,41.78088,5,23,18,2014,5,27,Yes,y2014,0,1
OO-30,1,5/27/14,5/30/14,6/20/14,0,No,0,4,0,4,0,4,0,-79.93584,41.77383,3,24,21,2014,5,27,No,y2014,0,1
L-16,1,5/27/14,5/28/14,6/19/14,0,No,0,3,1,3,0,2,0,-79.94653,41.78556,1,23,22,2014,5,27,Yes,y2014,0,1
J-18,1,5/27/14,5/28/14,6/20/14,0,No,0,4,2,2,0,2,0,-79.94539,41.78663,1,24,23,2014,5,27,Yes,y2014,0,1
GG-30,1,5/28/14,5/28/14,6/12/14,1,Yes,0,3,0,0,0,0,0,-79.93648,41.77726,0,15,15,2014,5,28,No,y2014,0,0
BB-30,1,5/28/14,5/28/14,6/11/14,1,Yes,0,4,0,0,0,0,0,-79.93666,41.7793,0,14,14,2014,5,28,No,y2014,0,0
LL-36,1,5/29/14,5/30/14,6/22/14,0,No,0,4,0,2,0,2,0,-79.93185,41.77537,1,24,23,2014,5,29,No,y2014,0,1
FF-43 (util. line),1,5/29/14,5/30/14,6/20/14,0,No,0,3,0,3,0,1,0,-79.92834,41.77784,1,22,21,2014,5,29,No,y2014,0,1
J-12 (I-15),1,5/30/14,6/1/14,6/7/14,1,Yes,0,4,0,0,0,0,0,-79.94955,41.7861,2,8,6,2014,5,30,No,y2014,0,0
H-19 (G-19),1,5/30/14,6/1/14,6/21/14,0,No,0,3,0,2,0,2,0,-79.94581,41.78731,2,22,20,2014,5,30,No,y2014,0,1
N-11,2,5/31/14,6/24/14,6/25/14,0,No,0,4,0,4,0,4,0,-79.94991,41.78431,24,25,1,2014,5,31,No,y2014,0,1
M-20,1,5/31/14,6/1/14,6/7/14,1,Yes,0,3,0,0,0,0,0,-79.94383,41.78558,1,7,6,2014,5,31,No,y2014,0,0
Y-22 (Z-21),1,5/31/14,6/1/14,6/23/14,0,No,0,3,0,2,0,1,0,-79.94161,41.78044,1,23,22,2014,5,31,No,y2014,0,1
HH-25 (FF-26),2,5/31/14,6/1/14,6/24/14,0,No,0,3,0,3,0,3,0,-79.93941,41.7765,1,24,23,2014,5,31,No,y2014,0,1
OO-31.1,1,6/1/14,6/1/14,6/7/14,1,Yes,0,4,0,0,0,0,0,-79.93517,41.77373,0,6,6,2014,6,32,No,y2014,0,0
JJ-35,1,6/2/14,6/6/14,6/26/14,0,No,0,4,0,4,0,4,0,-79.93319,41.77649,4,24,20,2014,6,33,No,y2014,0,1
CC-21,1,6/3/14,6/10/14,6/27/14,0,No,0,4,0,2,0,1,0,-79.94212,41.77862,7,24,17,2014,6,34,No,y2014,0,1
U-25 (U-26),1,6/3/14,6/8/14,6/15/14,1,Yes,0,4,0,0,0,0,0,-79.94003,41.78247,5,12,7,2014,6,34,No,y2014,0,0
EE-41,2,6/3/14,6/19/14,6/23/14,1,Yes,0,3,0,3,0,0,0,-79.92972,41.77917,16,20,4,2014,6,34,No,y2014,0,1
T-20,2,6/4/14,6/4/14,6/6/14,1,Yes,1,1,1,0,0,0,0,-79.94353,41.78261,0,2,2,2014,6,35,Yes,y2014,0,0
Y-34,1,6/4/14,6/9/14,6/28/14,0,No,0,2,0,2,0,2,0,-79.93484,41.78112,5,24,19,2014,6,35,No,y2014,0,1
Y-31 (Z-31),1,6/5/14,6/5/14,6/27/14,1,Yes,0,2,0,2,0,0,0,-79.93604,41.78086,0,22,22,2014,6,36,No,y2014,0,1
II-34,2,6/5/14,6/23/14,6/24/14,1,Yes,0,3,1,1,1,0,0,-79.93396,41.77652,18,19,1,2014,6,36,Yes,y2014,1,1
Q-17 (S-17),2,6/6/14,6/6/14,6/8/14,1,Yes,0,1,0,0,0,0,0,-79.94557,41.78341,0,2,2,2014,6,37,No,y2014,0,0
KK-33 (LL-32),2,6/6/14,6/6/14,6/8/14,1,Yes,0,1,0,0,0,0,0,-79.93425,41.77556,0,2,2,2014,6,37,No,y2014,0,0
LL-34 (LL-32),3,6/6/14,6/19/14,6/30/14,0,No,0,3,1,2,0,2,0,-79.93335,41.77496,13,24,11,2014,6,37,Yes,y2014,0,1
OO-35 (NN-35),2,6/6/14,6/6/14,6/16/14,1,Yes,0,2,1,0,0,0,0,-79.93214,41.77398,0,10,10,2014,6,37,Yes,y2014,0,0
T-19,1,6/8/14,6/17/14,6/18/14,1,Yes,0,3,1,0,0,0,0,-79.94408,41.78249,9,10,1,2014,6,39,Yes,y2014,0,0
P-22,1,6/8/14,6/10/14,6/16/14,1,Yes,0,4,0,0,0,0,0,-79.94277,41.7843,2,8,6,2014,6,39,No,y2014,0,0
X-24 (W-23),2,6/8/14,6/8/14,6/27/14,1,Yes,0,4,0,4,0,0,0,-79.94082,41.78107,0,19,19,2014,6,39,No,y2014,0,1
T-23,2,6/9/14,6/15/14,7/2/14,0,No,0,3,1,2,0,2,0,-79.94187,41.78258,6,23,17,2014,6,40,Yes,y2014,0,1
Z-34 (BB-34),3,6/9/14,6/15/14,7/2/14,0,No,0,3,0,2,0,2,0,-79.9347,41.78049,6,23,17,2014,6,40,No,y2014,0,1
T-20,3,6/10/14,6/10/14,6/21/14,1,Yes,0,4,0,0,0,0,0,-79.94368,41.78242,0,11,11,2014,6,41,No,y2014,0,0
EE-23 (DD-22),2,6/10/14,6/14/14,7/3/14,0,No,0,4,1,2,0,2,0,-79.94054,41.77758,4,23,19,2014,6,41,Yes,y2014,0,1
EE-38 (EE-39),2,6/10/14,6/14/14,6/20/14,1,Yes,0,4,0,0,0,0,0,-79.93153,41.77876,4,10,6,2014,6,41,No,y2014,0,0
Z-27 (Z-24),2,6/11/14,6/13/14,7/4/14,0,No,0,4,0,2,0,2,0,-79.93892,41.7803,2,23,21,2014,6,42,No,y2014,0,1
OO-37,3,6/11/14,6/14/14,7/2/14,1,Yes,0,4,0,3,0,0,0,-79.93126,41.77415,3,21,18,2014,6,42,No,y2014,0,1
OO-28,2,6/12/14,6/14/14,7/2/14,1,Yes,0,4,0,4,0,0,0,-79.93662,41.77344,2,20,18,2014,6,43,No,y2014,0,1
OO-31.1,3,6/12/14,6/30/14,7/2/14,1,Yes,0,null,2,0,2,0,0,-79.93435,41.77389,18,20,2,2014,6,43,Yes,y2014,1,1
GG-35 (GG-34),2,6/12/14,6/16/14,7/6/14,0,No,0,4,0,3,0,3,0,-79.93281,41.77753,4,24,20,2014,6,43,No,y2014,0,1
H-14 (I-15),2,6/13/14,6/14/14,7/7/14,0,No,0,4,0,4,0,4,0,-79.94821,41.78731,1,24,23,2014,6,44,No,y2014,0,1
P-15 (P-16),2,6/15/14,6/15/14,7/3/14,1,Yes,0,2,1,1,0,0,0,-79.94701,41.78387,0,18,18,2014,6,46,Yes,y2014,0,1
OO-31.2,1,6/16/14,6/25/14,6/30/14,1,Yes,0,2,1,1,0,0,0,-79.93494,41.77364,9,14,5,2014,6,47,Yes,y2014,0,1
MM-38 (MM-37),2,6/16/14,6/22/14,7/2/14,1,Yes,0,4,0,3,0,0,0,-79.93089,41.77475,6,16,10,2014,6,47,No,y2014,0,1
V-19 (X-21.2),1,6/17/14,6/30/14,7/10/14,0,No,0,4,1,3,0,3,0,-79.94419,41.78119,13,23,10,2014,6,48,Yes,y2014,0,1
DD-26 (CC-26),2,6/17/14,6/18/14,7/9/14,0,No,0,3,0,3,0,3,0,-79.93859,41.77811,1,22,21,2014,6,48,No,y2014,0,1
V-22 (R-19!),2,6/18/14,6/22/14,7/2/14,1,Yes,0,2,1,0,0,0,0,-79.94219,41.78139,4,14,10,2014,6,49,Yes,y2014,0,0
HH-29 (GG-30),2,6/18/14,6/22/14,6/26/14,1,Yes,1,2,0,0,0,0,0,-79.93687,41.77688,4,8,4,2014,6,49,No,y2014,0,0
N-19 (Q-19),2,6/19/14,7/4/14,7/11/14,0,No,0,3,0,3,0,3,0,-79.94421,41.78486,15,22,7,2014,6,50,No,y2014,0,1
W-21 (X-21),2,6/22/14,7/1/14,7/15/14,0,No,0,3,1,2,0,2,0,-79.94241,41.78097,9,23,14,2014,6,53,Yes,y2014,0,1
T-19 (T-20),4,6/25/14,6/27/14,7/17/14,0,No,0,2,1,2,0,2,0,-79.944,41.78221,2,22,20,2014,6,56,Yes,y2014,0,1
M-18 (L-16),2,6/26/14,6/29/14,7/19/14,0,No,0,2,1,1,0,1,0,-79.94554,41.78537,3,23,20,2014,6,57,Yes,y2014,0,1
CC-31 (BB-30),2,6/26/14,6/26/14,7/18/14,0,No,0,3,0,2,0,2,0,-79.93613,41.77897,0,22,22,2014,6,57,No,y2014,0,1
Y-26 (X-27),2,6/28/14,7/4/14,7/19/14,1,Yes,0,3,0,3,0,0,0,-79.9392,41.78057,6,21,15,2014,6,59,No,y2014,0,1
GG-38 (GG-36),2,6/28/14,7/4/14,7/22/14,0,No,0,4,1,3,0,3,0,-79.93124,41.77759,6,24,18,2014,6,59,Yes,y2014,0,1
GG-30,3,6/30/14,7/4/14,7/6/14,1,Yes,0,3,0,0,0,0,0,-79.9362,41.77744,4,6,2,2014,6,61,No,y2014,0,0
EE-42 (EE-41),3,7/1/14,7/4/14,7/25/14,0,No,0,3,0,3,0,3,0,-79.92908,41.77945,3,24,21,2014,7,62,No,y2014,0,1
Q-26,1,7/2/14,7/9/14,7/25/14,0,No,0,3,0,3,0,3,0,-79.94013,41.78418,7,23,16,2014,7,63,No,y2014,0,1
II-29 (KK-27),2,7/2/14,7/5/14,7/25/14,0,No,0,4,0,3,0,2,0,-79.9366,41.77617,3,23,20,2014,7,63,No,y2014,0,1
FF-43 (util. line),3,7/2/14,7/11/14,7/25/14,0,No,0,4,0,3,0,3,0,-79.9287,41.77801,9,23,14,2014,7,63,No,y2014,0,1
EE-43,2,7/2/14,7/22/14,7/25/14,0,No,0,4,0,4,0,4,0,-79.92854,41.77875,20,23,3,2014,7,63,No,y2014,0,1
N-11,3,7/3/14,7/16/14,7/26/14,0,No,0,4,0,3,0,3,0,-79.94924,41.78435,13,23,10,2014,7,64,No,y2014,0,1
M-20,3,7/3/14,7/11/14,7/16/14,1,Yes,0,3,0,0,0,0,0,-79.94342,41.78547,8,13,5,2014,7,64,No,y2014,0,0
Z-33 (Z-31),2,7/3/14,7/5/14,7/20/14,1,Yes,0,4,0,2,0,0,0,-79.9353,41.78063,2,17,15,2014,7,64,No,y2014,0,1
R-22 (P-22),2,7/4/14,7/8/14,7/9/14,1,Yes,1,4,1,0,0,0,0,-79.94304,41.78352,4,5,1,2014,7,65,Yes,y2014,0,0
JJ-32 (II-34),3,7/4/14,7/9/14,7/26/14,0,No,0,3,0,3,0,3,0,-79.9347,41.77588,5,22,17,2014,7,65,No,y2014,0,1
G-19,2,7/5/14,7/6/14,7/27/14,0,No,0,3,1,2,0,2,0,-79.94498,41.78815,1,22,21,2014,7,66,Yes,y2014,0,1
KK-36 (LL-36),2,7/5/14,7/5/14,7/27/14,0,No,0,3,0,3,0,3,0,-79.93224,41.77587,0,22,22,2014,7,66,No,y2014,0,1
R-21 (P-22),2,7/6/14,7/11/14,7/31/14,0,No,0,3,0,3,0,2,0,-79.94325,41.78363,5,25,20,2014,7,67,No,y2014,0,1
V-23 (W-23.2),2,7/7/14,7/10/14,7/31/14,0,No,0,3,1,3,0,2,0,-79.94173,41.78181,3,24,21,2014,7,68,Yes,y2014,0,1
U-16 (P-16),2,7/8/14,7/16/14,7/30/14,0,No,0,3,0,3,0,3,0,-79.94613,41.78168,8,22,14,2014,7,69,No,y2014,0,1
X-23 (W-23),3,7/8/14,7/9/14,8/1/14,0,No,0,2,1,1,0,1,0,-79.94156,41.78092,1,24,23,2014,7,69,Yes,y2014,0,1
MM-38 (MM-37),3,7/9/14,7/16/14,8/1/14,0,No,0,4,0,3,0,3,0,-79.93095,41.77503,7,23,16,2014,7,70,No,y2014,0,1
OO-37,2,7/10/14,7/10/14,8/2/14,0,No,0,3,0,2,0,2,0,-79.93137,41.77393,0,23,23,2014,7,71,No,y2014,0,1
AA-26 (Z-24),3,7/12/14,7/14/14,8/5/14,0,No,0,3,0,3,0,3,0,-79.93922,41.78018,2,24,22,2014,7,73,No,y2014,0,1
OO-28,3,7/12/14,7/31/14,8/3/14,0,No,0,3,0,3,0,3,0,-79.93629,41.77339,19,22,3,2014,7,73,No,y2014,0,1
GG-26 (FF-26),3,7/13/14,7/14/14,8/5/14,0,No,0,3,0,3,0,3,0,-79.93867,41.77679,1,23,22,2014,7,74,No,y2014,0,1
HH-23 (GG-21),2,7/15/14,7/17/14,8/6/14,0,No,0,3,1,2,0,2,0,-79.94036,41.7761,2,22,20,2014,7,76,Yes,y2014,0,1
OO-38 (King Road),2,7/27/14,8/8/14,8/19/14,0,No,0,3,0,2,0,2,0,-79.93048,41.77399,12,23,11,2014,7,88,No,y2014,0,1
BB-24,1,5/18/15,5/18/15,5/22/15,1,Yes,0,2,1,0,0,0,0,-79.9406,41.77891,0,4,4,2015,5,18,Yes,y2015,0,0
Q-19,1,5/19/15,5/23/15,5/25/15,1,Yes,0,4,0,0,0,0,0,-79.94297,41.78403,4,6,2,2015,5,19,No,y2015,0,0
OO-28,1,5/19/15,5/25/15,6/11/15,0,No,0,4,0,4,0,4,0,-79.93671,41.77333,6,23,17,2015,5,19,No,y2015,0,1
OO-30,1,5/19/15,5/25/15,5/31/15,1,Yes,0,4,0,0,0,0,0,-79.93585,41.7738,6,12,6,2015,5,19,No,y2015,0,0
OO-37,1,5/19/15,5/20/15,6/13/15,0,No,0,5,0,3,0,3,0,-79.93092,41.77423,1,25,24,2015,5,19,No,y2015,0,1
H-18,1,5/20/15,6/5/15,6/6/15,1,Yes,0,4,0,4,0,0,0,-79.94595,41.78734,16,17,1,2015,5,20,No,y2015,0,1
R-16,1,5/20/15,5/21/15,6/13/15,0,No,0,4,0,4,0,4,0,-79.94585,41.78297,1,24,23,2015,5,20,No,y2015,0,1
X-19,1,5/20/15,5/26/15,6/2/15,1,Yes,0,4,0,0,0,0,0,-79.94432,41.78065,6,13,7,2015,5,20,No,y2015,0,0
U-25 (U-26),1,5/20/15,5/23/15,6/14/15,0,No,0,4,1,4,0,4,0,-79.94048,41.78247,3,25,22,2015,5,20,Yes,y2015,0,1
MM-29,1,5/20/15,5/20/15,5/27/15,1,Yes,0,3,0,0,0,0,0,-79.93652,41.77463,0,7,7,2015,5,20,No,y2015,0,0
II-33,1,5/20/15,5/20/15,6/13/15,0,No,0,3,1,2,0,2,0,-79.93433,41.77635,0,24,24,2015,5,20,Yes,y2015,0,1
FF-35,1,5/20/15,5/20/15,5/26/15,1,Yes,1,2,1,0,0,0,0,-79.93372,41.77792,0,6,6,2015,5,20,Yes,y2015,0,0
N-11,1,5/21/15,5/21/15,6/14/15,0,No,0,3,0,3,0,3,0,-79.94952,41.78438,0,24,24,2015,5,21,No,y2015,0,1
J-14 (I-14),1,5/21/15,5/21/15,6/13/15,0,No,0,3,1,2,0,2,0,-79.94805,41.78653,0,23,23,2015,5,21,Yes,y2015,0,1
T-20,1,5/21/15,5/21/15,6/2/15,1,Yes,1,4,0,0,0,0,0,-79.94313,41.78239,0,12,12,2015,5,21,No,y2015,0,0
Y-26 (X-27),1,5/21/15,5/21/15,5/22/15,1,Yes,1,1,1,0,0,0,0,-79.93921,41.78043,0,1,1,2015,5,21,Yes,y2015,0,0
L-19,1,5/22/15,5/23/15,6/15/15,0,No,0,4,0,4,0,4,0,-79.94454,41.78594,1,24,23,2015,5,22,No,y2015,0,1
V-19,1,5/22/15,5/23/15,5/25/15,1,Yes,1,2,1,0,0,0,0,-79.94412,41.78168,1,3,2,2015,5,22,Yes,y2015,0,0
V-22 (W-23),1,5/22/15,6/1/15,6/15/15,0,No,0,4,0,4,0,4,0,-79.94212,41.78151,10,24,14,2015,5,22,No,y2015,0,1
EE-30,1,5/22/15,5/22/15,5/26/15,1,Yes,1,2,1,0,0,0,0,-79.93665,41.77801,0,4,4,2015,5,22,Yes,y2015,0,0
CC-31,1,5/22/15,5/22/15,6/13/15,1,Yes,0,3,1,3,0,0,0,-79.9361,41.77892,0,22,22,2015,5,22,Yes,y2015,0,1
LL-36,1,5/22/15,5/22/15,5/23/15,1,Yes,1,1,0,0,0,0,0,-79.93182,41.7756,0,1,1,2015,5,22,No,y2015,0,0
HH-44 (KR House),1,5/22/15,5/22/15,6/14/15,0,No,0,4,0,4,0,4,0,-79.92776,41.77632,0,23,23,2015,5,22,No,y2015,0,1
AA-21 (Y-23),1,5/23/15,5/23/15,6/10/15,1,Yes,0,3,0,3,0,0,0,-79.94211,41.77941,0,18,18,2015,5,23,No,y2015,0,1
DD-23,1,5/23/15,5/23/15,6/5/15,1,Yes,0,4,1,0,0,0,0,-79.94111,41.77819,0,13,13,2015,5,23,Yes,y2015,0,0
GG-26,1,5/24/15,5/25/15,6/16/15,0,No,0,4,0,4,0,4,0,-79.93848,41.77687,1,23,22,2015,5,24,No,y2015,0,1
K-16 (K-15),1,5/25/15,5/26/15,6/17/15,0,No,0,3,0,3,0,3,0,-79.94672,41.78642,1,23,22,2015,5,25,No,y2015,0,1
EE-20,1,5/25/15,5/25/15,5/26/15,1,Yes,1,1,0,0,0,0,0,-79.94254,41.77746,0,1,1,2015,5,25,No,y2015,0,0
NN-36 (OO-35),1,5/25/15,5/25/15,6/18/15,0,No,0,4,0,4,0,4,0,-79.93205,41.77454,0,24,24,2015,5,25,No,y2015,0,1
G-19,1,5/26/15,5/26/15,6/13/15,1,Yes,0,2,1,0,0,0,0,-79.94514,41.78866,0,18,18,2015,5,26,Yes,y2015,0,0
JJ-35,2,5/26/15,5/30/15,6/20/15,0,No,0,4,0,4,0,4,0,-79.93291,41.77631,4,25,21,2015,5,26,No,y2015,0,1
FF-44 (EE-44),1,5/26/15,5/27/15,5/31/15,1,Yes,0,3,0,0,0,0,0,-79.92777,41.7787,1,5,4,2015,5,26,No,y2015,0,0
T-23,1,5/27/15,6/2/15,6/7/15,1,Yes,0,4,0,0,0,0,0,-79.94163,41.78248,6,11,5,2015,5,27,No,y2015,0,0
BB-24,2,5/27/15,5/27/15,6/18/15,0,No,0,3,0,3,0,3,0,-79.94039,41.77916,0,22,22,2015,5,27,No,y2015,0,1
J-18,1,5/28/15,5/28/15,6/10/15,1,Yes,0,3,1,0,0,0,0,-79.94572,41.78666,0,13,13,2015,5,28,Yes,y2015,0,0
P-20 (Q-19),2,5/28/15,6/1/15,6/12/15,1,Yes,0,4,1,0,0,0,0,-79.94352,41.78421,4,15,11,2015,5,28,Yes,y2015,0,0
GG-21,1,5/28/15,6/3/15,6/20/15,0,No,0,4,0,4,0,4,0,-79.94218,41.77618,6,23,17,2015,5,28,No,y2015,0,1
MM-38,1,5/28/15,5/30/15,6/21/15,0,No,0,3,1,3,0,3,0,-79.93081,41.77526,2,24,22,2015,5,28,Yes,y2015,0,1
HH-42 (KR PowW),1,5/28/15,5/29/15,6/4/15,1,Yes,0,2,2,0,0,0,0,-79.92859,41.77757,1,7,6,2015,5,28,Yes,y2015,0,0
BB-19 (AA-20),1,5/29/15,5/29/15,6/5/15,1,Yes,0,3,1,0,0,0,0,-79.94344,41.77847,0,7,7,2015,5,29,Yes,y2015,0,0
DD-28 (CC-28),1,5/29/15,5/29/15,6/10/15,1,Yes,0,4,0,0,0,0,0,-79.93739,41.77832,0,12,12,2015,5,29,No,y2015,0,0
GG-28,1,5/29/15,5/29/15,6/21/15,1,Yes,0,4,0,3,0,0,0,-79.93716,41.77703,0,23,23,2015,5,29,No,y2015,0,1
FF-43,1,5/29/15,5/29/15,6/2/15,1,Yes,1,4,1,0,0,0,0,-79.92877,41.77846,0,4,4,2015,5,29,Yes,y2015,0,0
O-14 (P-13),2,5/30/15,6/1/15,6/13/15,1,Yes,0,3,0,0,0,0,0,-79.94786,41.78407,2,14,12,2015,5,30,No,y2015,0,0
G-16 (H-16),1,5/30/15,6/5/15,6/14/15,1,Yes,0,3,1,0,0,0,0,-79.9471,41.7879,6,15,9,2015,5,30,Yes,y2015,0,0
T-15,1,5/30/15,5/31/15,6/17/15,1,Yes,0,3,0,null,0,0,0,-79.94633,41.7823,1,18,17,2015,5,30,No,y2015,0,null
M-20,1,5/30/15,6/4/15,6/18/15,1,Yes,0,4,0,3,0,0,0,-79.94376,41.78554,5,19,14,2015,5,30,No,y2015,0,1
GG-36 (FF-35),2,5/30/15,5/31/15,6/13/15,1,Yes,0,3,1,0,0,0,0,-79.93228,41.77781,1,14,13,2015,5,30,Yes,y2015,0,0
U-19 (V-19),2,5/31/15,6/5/15,6/10/15,1,Yes,0,4,0,0,0,0,0,-79.94393,41.78157,5,10,5,2015,5,31,No,y2015,0,0
EE-26 (DD-26),3,5/31/15,5/31/15,6/5/15,1,Yes,0,4,0,0,0,0,0,-79.93844,41.77758,0,5,5,2015,5,31,No,y2015,0,0
KK-27 (MM-29),2,5/31/15,6/3/15,6/5/15,1,Yes,0,3,0,0,0,0,0,-79.9379,41.77501,3,5,2,2015,5,31,No,y2015,0,0
X-33,1,5/31/15,5/31/15,6/8/15,1,Yes,0,4,0,0,0,0,0,-79.93527,41.78152,0,8,8,2015,5,31,No,y2015,0,0
DD-21 (EE-20),2,6/1/15,6/1/15,6/25/15,0,No,0,3,1,2,0,2,0,-79.94141,41.77798,0,24,24,2015,6,32,Yes,y2015,0,1
X-27,3,6/1/15,6/6/15,6/25/15,0,No,0,4,0,3,0,3,0,-79.93887,41.78116,5,24,19,2015,6,32,No,y2015,0,1
GG-37,1,6/1/15,6/7/15,6/13/15,1,Yes,0,2,1,0,0,0,0,-79.93185,41.77736,6,12,6,2015,6,32,Yes,y2015,0,0
Y-31 (Z-31),1,6/2/15,6/2/15,6/25/15,0,No,0,4,0,4,0,4,0,-79.93659,41.78098,0,23,23,2015,6,33,No,y2015,0,1
GG-32,1,6/2/15,6/6/15,6/25/15,0,No,0,3,0,3,0,2,0,-79.93498,41.7774,4,23,19,2015,6,33,No,y2015,0,1
DD-38 (EE-40),1,6/4/15,6/4/15,6/5/15,1,Yes,1,0,1,0,0,0,0,-79.9314,41.77902,0,1,1,2015,6,35,Yes,y2015,0,0
FF-44 (EE-44),2,6/5/15,6/6/15,6/27/15,0,No,0,4,0,4,0,4,0,-79.92786,41.77843,1,22,21,2015,6,36,No,y2015,0,1
S-21 (T-20),2,6/6/15,6/10/15,6/13/15,1,Yes,0,4,0,0,0,0,0,-79.94313,41.78319,4,7,3,2015,6,37,No,y2015,0,0
X-20 (X-19),2,6/7/15,6/9/15,6/27/15,1,Yes,0,3,1,2,0,0,0,-79.94345,41.78035,2,20,18,2015,6,38,Yes,y2015,0,1
EE-43 (FF-43),2,6/7/15,6/7/15,6/30/15,0,No,0,3,1,2,0,2,0,-79.9286,41.77888,0,23,23,2015,6,38,Yes,y2015,0,1
EE-32 (EE-30),2,6/8/15,6/11/15,6/30/15,0,No,0,2,1,2,0,2,0,-79.93526,41.77825,3,22,19,2015,6,39,Yes,y2015,0,1
HH-43 (KR PowE),2,6/9/15,6/12/15,6/27/15,1,Yes,0,3,1,0,0,0,0,-79.92768,41.77803,3,18,15,2015,6,40,Yes,y2015,0,0
CC-22 (DD-23),2,6/10/15,6/10/15,7/4/15,0,No,0,4,0,4,0,4,0,-79.94144,41.77865,0,24,24,2015,6,41,No,y2015,0,1
CC-27 (DD-26),4,6/11/15,6/11/15,7/4/15,0,No,0,4,0,4,0,4,0,-79.93855,41.77872,0,23,23,2015,6,42,No,y2015,0,1
LL-28 (MM-29),3,6/11/15,6/17/15,7/4/15,0,No,0,3,0,2,0,2,0,-79.93679,41.77469,6,23,17,2015,6,42,No,y2015,0,1
BB-20 (AA-20),2,6/12/15,6/12/15,6/13/15,1,Yes,1,1,1,0,0,0,0,-79.94305,41.77884,0,1,1,2015,6,43,Yes,y2015,0,0
HH-42 (KR PowW),2,6/12/15,6/12/15,6/14/15,1,Yes,0,1,0,0,0,0,0,-79.92897,41.77791,0,2,2,2015,6,43,No,y2015,0,0
U-23 (T-23),2,6/13/15,6/16/15,6/18/15,1,Yes,1,4,1,0,0,0,0,-79.94128,41.7823,3,5,2,2015,6,44,Yes,y2015,0,0
Z-33 (X-33),2,6/13/15,6/16/15,7/6/15,0,No,0,3,0,3,0,3,0,-79.93525,41.78072,3,23,20,2015,6,44,No,y2015,0,1
BB-29 (CC-28),2,6/15/15,6/19/15,7/3/15,1,Yes,0,4,0,4,0,0,0,-79.93747,41.77928,4,18,14,2015,6,46,No,y2015,0,1
P-19 (Q-19),3,6/16/15,6/18/15,7/9/15,0,No,0,3,1,3,0,3,0,-79.9445,41.784,2,23,21,2015,6,47,Yes,y2015,0,1
Y-22 (Z-21),2,6/16/15,6/16/15,6/27/15,1,Yes,0,3,1,0,0,0,0,-79.9417,41.78025,0,11,11,2015,6,47,Yes,y2015,0,0
F-19 (G-19),2,6/17/15,6/21/15,6/27/15,1,Yes,0,4,0,0,0,0,0,-79.94512,41.78873,4,10,6,2015,6,48,No,y2015,0,0
V-19,3,6/17/15,6/17/15,6/20/15,1,Yes,0,3,0,0,0,0,0,-79.94376,41.78146,0,3,3,2015,6,48,No,y2015,0,0
AA-21 (AA-20),3,6/17/15,6/17/15,7/5/15,1,Yes,0,2,0,0,0,0,0,-79.94223,41.77915,0,18,18,2015,6,48,No,y2015,0,0
P-11 (P-13),3,6/19/15,6/25/15,7/2/15,1,Yes,0,3,0,0,0,0,0,-79.94923,41.78324,6,13,7,2015,6,50,No,y2015,0,0
T-20,3,6/19/15,6/19/15,6/22/15,1,Yes,1,2,1,0,0,0,0,-79.94348,41.78262,0,3,3,2015,6,50,Yes,y2015,0,0
LL-34 (II-33),2,6/19/15,6/19/15,6/30/15,1,Yes,1,2,1,0,0,0,0,-79.93331,41.77489,0,11,11,2015,6,50,Yes,y2015,0,0
GG-38 (GG-37),2,6/19/15,6/23/15,6/30/15,1,Yes,0,1,2,0,0,0,0,-79.93116,41.77767,4,11,7,2015,6,50,Yes,y2015,0,0
CC-32 (DD-31),2,6/20/15,6/20/15,6/30/15,1,Yes,0,4,0,0,0,0,0,-79.93546,41.77899,0,10,10,2015,6,51,No,y2015,0,0
HH-35 (FF-35),3,6/20/15,6/23/15,7/5/15,1,Yes,0,3,0,0,0,0,0,-79.93286,41.77712,3,15,12,2015,6,51,No,y2015,0,0
M-11 (N-11),2,6/21/15,6/30/15,7/16/15,0,No,0,4,0,4,0,4,0,-79.94969,41.78482,9,25,16,2015,6,52,No,y2015,0,1
S-15 (T-15),2,6/22/15,6/23/15,7/15/15,0,No,0,3,0,3,0,3,0,-79.94673,41.78231,1,23,22,2015,6,53,No,y2015,0,1
G-18 (H-16),2,6/23/15,6/23/15,6/27/15,1,Yes,1,2,1,0,0,0,0,-79.94624,41.78805,0,4,4,2015,6,54,Yes,y2015,0,0
J-17 (H-18),2,6/23/15,6/23/15,6/27/15,1,Yes,1,2,0,0,0,0,0,-79.94623,41.78671,0,4,4,2015,6,54,No,y2015,0,0
T-19 (V-19),4,6/25/15,6/26/15,7/11/15,1,Yes,0,3,0,3,0,0,0,-79.9441,41.78254,1,16,15,2015,6,56,No,y2015,0,1
T-20,4,6/25/15,6/25/15,7/2/15,1,Yes,0,2,0,0,0,0,0,-79.94314,41.78246,0,7,7,2015,6,56,No,y2015,0,0
R-23 (T-23),3,6/25/15,7/2/15,7/17/15,0,No,0,3,0,3,0,3,0,-79.94223,41.78344,7,22,15,2015,6,56,No,y2015,0,1
FF-24 (GG-25,2,6/26/15,7/3/15,7/13/15,1,Yes,0,2,1,2,0,0,0,-79.93977,41.77767,7,17,10,2015,6,57,Yes,y2015,0,1
HH-27 (GG-28),2,6/27/15,6/29/15,7/5/15,1,Yes,0,3,0,0,0,0,0,-79.93775,41.77663,2,8,6,2015,6,58,No,y2015,0,0
OO-38 (King Road),2,6/29/15,6/29/15,7/23/15,0,No,0,4,0,4,0,4,0,-79.93063,41.77385,0,24,24,2015,6,60,No,y2015,0,1
HH-22 (GG-21),2,6/30/15,7/20/15,7/23/15,0,No,0,3,0,3,0,3,0,-79.94086,41.77621,20,23,3,2015,6,61,No,y2015,0,1
U-27 (U-26),2,6/30/15,7/2/15,7/23/15,0,No,0,3,0,3,0,3,0,-79.93905,41.78281,2,23,21,2015,6,61,No,y2015,0,1
Z-22 (Y-23),3,7/2/15,7/2/15,7/25/15,0,No,0,4,0,3,0,3,0,-79.9414,41.77993,0,23,23,2015,7,63,No,y2015,0,1
L-16 (K-15),2,7/3/15,7/8/15,7/9/15,1,Yes,0,2,1,0,0,0,0,-79.94686,41.78586,5,6,1,2015,7,64,Yes,y2015,0,0
H-17 (H-16),3,7/3/15,7/15/15,7/23/15,1,Yes,0,4,0,4,0,0,0,-79.94643,41.78777,12,20,8,2015,7,64,No,y2015,0,1
G-19,3,7/3/15,7/5/15,7/25/15,0,No,0,2,1,1,0,1,0,-79.94484,41.78815,2,22,20,2015,7,64,Yes,y2015,0,1
HH-43 (KR PowE),2,7/3/15,7/7/15,7/9/15,1,Yes,0,3,0,0,0,0,0,-79.92714,41.77687,4,6,2,2015,7,64,No,y2015,0,0
Z-19 (X-19),3,7/4/15,7/7/15,7/25/15,1,Yes,0,3,0,3,0,0,0,-79.94347,41.77954,3,21,18,2015,7,65,No,y2015,0,1
OO-36 (OO-37),2,7/4/15,7/6/15,7/26/15,0,No,0,3,0,3,0,2,0,-79.93169,41.77387,2,22,20,2015,7,65,No,y2015,0,1
I-12 (J-14),2,7/5/15,7/5/15,7/27/15,0,No,0,3,0,3,0,3,0,-79.94947,41.78669,0,22,22,2015,7,66,No,y2015,0,1
CC-34 (CC-31),3,7/6/15,7/17/15,7/29/15,0,No,0,2,1,2,0,2,0,-79.93439,41.77967,11,23,12,2015,7,67,Yes,y2015,0,1
P-13,4,7/7/15,7/8/15,7/29/15,0,No,0,3,0,2,0,2,0,-79.94823,41.78362,1,22,21,2015,7,68,No,y2015,0,1
DD-28 (CC-28),3,7/7/15,7/8/15,7/29/15,0,No,0,3,0,2,0,1,0,-79.9377,41.77848,1,22,21,2015,7,68,No,y2015,0,1
Y-31 (Z-31),2,7/7/15,7/16/15,7/29/15,0,No,0,3,0,3,0,3,0,-79.93649,41.78123,9,22,13,2015,7,68,No,y2015,0,1
R-21 (T-20),5,7/8/15,7/8/15,7/9/15,1,Yes,1,1,1,0,0,0,0,-79.94312,41.78322,0,1,1,2015,7,69,Yes,y2015,0,0
L-18,2,7/10/15,7/10/15,8/1/15,0,No,0,2,0,2,0,2,0,-79.94549,41.78553,0,22,22,2015,7,71,No,y2015,0,1
W-27 (X-27),4,7/10/15,7/16/15,7/17/15,1,Yes,0,2,0,0,0,0,0,-79.93896,41.78174,6,7,1,2015,7,71,No,y2015,0,0
K-15,3,7/14/15,7/16/15,8/5/15,0,No,0,3,0,3,0,3,0,-79.94738,41.78587,2,22,20,2015,7,75,No,y2015,0,1
T-20,6,7/14/15,7/16/15,8/6/15,0,No,0,2,0,2,0,2,0,-79.94348,41.78268,2,23,21,2015,7,75,No,y2015,0,1
Z-34 (Y-33),3,7/17/15,7/17/15,8/9/15,0,No,0,3,0,3,0,3,0,-79.93465,41.78048,0,23,23,2015,7,78,No,y2015,0,1
U-18 (V-19),5,7/18/15,7/23/15,8/11/15,0,No,0,3,0,3,0,3,0,-79.94447,41.78176,5,24,19,2015,7,79,No,y2015,0,1
HH-43 (KR PowE),3,7/19/15,7/22/15,8/10/15,0,No,0,3,0,3,0,3,0,-79.92714,41.77687,3,22,19,2015,7,80,No,y2015,0,1
II-30,4,7/21/15,7/30/15,8/3/15,1,Yes,0,3,0,0,0,0,0,-79.93582,41.77642,9,13,4,2015,7,82,No,y2015,0,0
X-27,1,5/17/16,5/18/16,6/10/16,1,Yes,0,3,2,2,0,0,0,-79.93862,41.78099,1,24,23,2016,5,17,Yes,y2016,0,1
O-11,1,5/18/16,5/23/16,6/11/16,0,No,0,2,2,2,0,2,0,-79.94952,41.78404,5,24,19,2016,5,18,Yes,y2016,0,1
V-22,1,5/23/16,5/23/16,6/15/16,1,Yes,0,2,1,1,1,0,0,-79.94186,41.78157,0,23,23,2016,5,23,Yes,y2016,1,1
OO-36,1,5/23/16,6/6/16,6/10/16,1,Yes,0,4,1,3,0,0,0,-79.9323,41.77412,14,18,4,2016,5,23,Yes,y2016,0,1
FF-44,1,5/23/16,5/27/16,6/10/16,1,Yes,0,3,1,2,0,0,0,-79.9279,41.77854,4,18,14,2016,5,23,Yes,y2016,0,1
OO-29,1,5/24/16,5/30/16,6/16/16,0,No,0,3,0,3,0,3,0,-79.93622,41.77301,6,23,17,2016,5,24,No,y2016,0,1
P-12,1,5/25/16,6/17/16,6/18/16,0,No,0,4,0,4,0,4,0,-79.9484,41.78357,23,24,1,2016,5,25,No,y2016,0,1
Q-18,1,5/25/16,5/30/16,6/18/16,0,No,0,3,1,3,0,3,0,-79.94522,41.78326,5,24,19,2016,5,25,Yes,y2016,0,1
DD-23,1,5/25/16,5/31/16,6/7/16,1,Yes,0,3,2,0,0,0,0,-79.94099,41.77821,6,13,7,2016,5,25,Yes,y2016,0,0
LL-36,1,5/25/16,5/30/16,6/18/16,0,No,0,4,0,4,0,4,0,-79.93221,41.77567,5,24,19,2016,5,25,No,y2016,0,1
JJ-35,1,5/26/16,5/27/16,6/7/16,1,Yes,0,4,0,0,0,0,0,-79.9333,41.77657,1,12,11,2016,5,26,No,y2016,0,0
BB-32,1,5/27/16,5/27/16,6/14/16,1,Yes,0,4,0,4,0,0,0,-79.93582,41.77992,0,18,18,2016,5,27,No,y2016,0,1
MM-34,1,5/27/16,6/2/16,6/13/16,1,Yes,0,1,1,0,1,0,0,-79.93326,41.77492,6,17,11,2016,5,27,Yes,y2016,1,1
P-21,1,5/28/16,5/30/16,6/19/16,0,No,0,3,0,3,0,3,0,-79.9435,41.78438,2,22,20,2016,5,28,No,y2016,0,1
Y-22,1,5/28/16,5/30/16,6/4/16,1,Yes,0,4,0,0,0,0,0,-79.94198,41.78037,2,7,5,2016,5,28,No,y2016,0,0
GG-22,1,5/28/16,6/2/16,6/3/16,1,Yes,0,3,0,0,0,0,0,-79.94109,41.77669,5,6,1,2016,5,28,No,y2016,0,0
U-28,1,5/28/16,5/30/16,6/7/16,1,Yes,1,3,1,0,0,0,0,-79.93874,41.78257,2,10,8,2016,5,28,Yes,y2016,0,0
OO-28,1,5/28/16,6/18/16,6/21/16,0,No,0,4,0,4,0,4,0,-79.93694,41.77374,21,24,3,2016,5,28,No,y2016,0,1
GG-37,1,5/28/16,5/31/16,6/14/16,1,Yes,0,3,1,2,0,0,0,-79.93182,41.77747,3,17,14,2016,5,28,Yes,y2016,0,1
K-15,1,5/29/16,5/31/16,6/21/16,0,No,0,4,0,4,0,2,0,-79.94729,41.78596,2,23,21,2016,5,29,No,y2016,0,1
Z-19,1,5/29/16,5/30/16,5/31/16,1,Yes,0,2,0,0,0,0,0,-79.94345,41.77958,1,2,1,2016,5,29,No,y2016,0,0
HH-42 (KR PowW),1,5/29/16,6/13/16,6/18/16,1,Yes,0,4,0,4,0,0,0,-79.9277,41.77767,15,20,5,2016,5,29,No,y2016,0,1
U-15,1,5/31/16,6/1/16,6/2/16,1,Yes,0,2,0,0,0,0,0,-79.94634,41.78161,1,2,1,2016,5,31,No,y2016,0,0
L-17,1,5/31/16,5/31/16,6/4/16,1,Yes,0,4,0,0,0,0,0,-79.94572,41.78569,0,4,4,2016,5,31,No,y2016,0,0
R-22,1,5/31/16,6/1/16,6/21/16,1,Yes,0,4,0,4,0,0,0,-79.94299,41.78344,1,21,20,2016,5,31,No,y2016,0,1
HH-44 (KR House),1,5/31/16,6/13/16,6/24/16,0,No,0,4,0,4,0,3,0,-79.92842,41.77675,13,24,11,2016,5,31,No,y2016,0,1
HH-29,1,6/1/16,6/1/16,6/24/16,0,No,0,3,0,3,0,2,0,-79.93667,41.777,0,23,23,2016,6,32,No,y2016,0,1
DD-34,1,6/1/16,6/1/16,6/2/16,1,Yes,0,0,1,0,0,0,0,-79.93445,41.77915,0,1,1,2016,6,32,Yes,y2016,0,0
H-14,1,6/2/16,6/3/16,6/13/16,1,Yes,1,4,0,0,0,0,0,-79.94827,41.78756,1,11,10,2016,6,33,No,y2016,0,0
KK-27,1,6/2/16,6/2/16,6/13/16,1,Yes,0,3,0,0,0,0,0,-79.93803,41.77502,0,11,11,2016,6,33,No,y2016,0,0
DD-42,1,6/2/16,6/2/16,6/24/16,0,No,0,2,2,1,2,0,1,-79.92963,41.77935,0,22,22,2016,6,33,Yes,y2016,1,1
R-19,1,6/3/16,6/4/16,6/22/16,1,Yes,0,3,0,2,0,0,0,-79.94415,41.78338,1,19,18,2016,6,34,No,y2016,0,1
X-19,2,6/3/16,6/6/16,6/24/16,0,No,0,2,0,2,0,2,0,-79.94394,41.78035,3,21,18,2016,6,34,No,y2016,0,1
HH-32,1,6/3/16,6/6/16,6/23/16,0,No,0,2,1,1,0,null,null,-79.93991,41.77612,3,20,17,2016,6,34,Yes,y2016,0,1
Y-31,1,6/3/16,6/4/16,6/26/16,0,No,0,4,0,3,0,1,0,-79.93642,41.78103,1,23,22,2016,6,34,No,y2016,0,1
OO-33,1,6/4/16,6/6/16,6/15/16,1,Yes,0,4,0,0,0,0,0,-79.93347,41.77307,2,11,9,2016,6,35,No,y2016,0,0
OO-35,1,6/4/16,6/6/16,6/19/16,1,Yes,0,4,0,0,0,0,0,-79.9325,41.77416,2,15,13,2016,6,35,No,y2016,0,0
F-11,1,6/5/16,6/7/16,6/28/16,0,No,0,4,0,4,0,4,0,-79.95095,41.78793,2,23,21,2016,6,36,No,y2016,0,1
S-18,1,6/5/16,6/17/16,6/29/16,0,No,0,3,1,1,1,1,1,-79.94504,41.78271,12,24,12,2016,6,36,Yes,y2016,1,1
EE-41,1,6/5/16,6/12/16,6/28/16,0,No,0,4,0,4,0,4,0,-79.92966,41.77911,7,23,16,2016,6,36,No,y2016,0,1
J-17,1,6/6/16,6/13/16,6/29/16,0,No,0,4,0,4,0,4,0,-79.94618,41.7869,7,23,16,2016,6,37,No,y2016,0,1
L-14,1,6/7/16,6/21/16,7/1/16,0,No,0,3,1,1,1,1,1,-79.94774,41.78566,14,24,10,2016,6,38,Yes,y2016,1,1
T-15,1,6/8/16,6/8/16,6/10/16,1,Yes,1,0,1,0,0,0,0,-79.9465,41.78193,0,2,2,2016,6,39,Yes,y2016,0,0
CC-32,1,6/9/16,6/9/16,6/10/16,1,Yes,0,0,1,0,0,0,0,-79.93528,41.77925,0,1,1,2016,6,40,Yes,y2016,0,0
H-19,1,6/10/16,6/17/16,6/26/16,1,Yes,0,2,2,1,0,0,0,-79.94521,41.78734,7,16,9,2016,6,41,Yes,y2016,0,1
M-15,1,6/11/16,6/13/16,7/3/16,0,No,0,3,0,2,0,2,0,-79.94702,41.78523,2,22,20,2016,6,42,No,y2016,0,1
Y-21,1,6/11/16,6/14/16,6/17/16,1,Yes,0,4,0,0,0,0,0,-79.94241,41.78016,3,6,3,2016,6,42,No,y2016,0,0
II-35,1,6/11/16,6/12/16,7/4/16,0,No,0,4,0,4,0,4,0,-79.93325,41.77669,1,23,22,2016,6,42,No,y2016,0,1
HH-43 (KR PowE),1,6/11/16,6/20/16,6/23/16,1,Yes,0,3,0,0,0,0,0,-79.92776,41.77632,9,12,3,2016,6,42,No,y2016,0,0
EE-22,1,6/12/16,6/22/16,7/5/16,0,No,0,4,0,4,0,4,0,-79.94098,41.77753,10,23,13,2016,6,43,No,y2016,0,1
CC-26,1,6/12/16,6/12/16,6/14/16,1,Yes,1,1,0,0,0,0,0,-79.9393,41.77853,0,2,2,2016,6,43,No,y2016,0,0
DD-33,1,6/13/16,6/21/16,7/5/16,0,No,0,3,0,3,0,3,0,-79.93462,41.77901,8,22,14,2016,6,44,No,y2016,0,1
P-14,1,6/15/16,6/29/16,7/7/16,0,No,0,null,1,1,1,1,1,-79.94743,41.78354,14,22,8,2016,6,46,Yes,y2016,1,1
AA-20,1,6/16/16,6/17/16,7/9/16,0,No,0,4,0,4,0,4,0,-79.94256,41.77907,1,23,22,2016,6,47,No,y2016,0,1
FF-21,1,6/16/16,6/29/16,7/4/16,1,Yes,0,4,0,4,0,0,0,-79.94162,41.77679,13,18,5,2016,6,47,No,y2016,0,1
W-27,1,6/16/16,6/18/16,6/23/16,1,Yes,0,3,1,0,0,0,0,-79.93919,41.78134,2,7,5,2016,6,47,Yes,y2016,0,0
FF-44,2,6/16/16,6/16/16,7/10/16,0,No,0,2,1,1,1,1,1,-79.92781,41.77879,0,24,24,2016,6,47,Yes,y2016,1,1
CC-33,1,6/17/16,6/17/16,7/9/16,0,No,0,3,0,3,0,3,0,-79.93529,41.77934,0,22,22,2016,6,48,No,y2016,0,1
T-24,1,6/18/16,6/25/16,7/12/16,0,No,0,3,0,3,0,3,0,-79.9407,41.78254,7,24,17,2016,6,49,No,y2016,0,1
MM-29,1,6/19/16,7/2/16,7/12/16,0,No,0,3,0,3,0,3,0,-79.93625,41.77436,13,23,10,2016,6,50,No,y2016,0,1
MM-38,1,6/19/16,7/2/16,7/3/16,1,Yes,0,null,0,2,0,0,0,-79.93102,41.77536,13,14,1,2016,6,50,No,y2016,0,1
L-11,1,6/21/16,6/26/16,7/1/16,1,Yes,0,4,0,0,0,0,0,-79.94989,41.78505,5,10,5,2016,6,52,No,y2016,0,0
GG-37,2,6/21/16,7/4/16,7/13/16,0,No,0,3,0,3,0,3,0,-79.93134,41.77714,13,22,9,2016,6,52,No,y2016,0,1
S-22,1,6/23/16,6/28/16,7/15/16,0,No,0,3,0,3,0,3,0,-79.94241,41.78313,5,22,17,2016,6,54,No,y2016,0,1
X-23,1,6/23/16,6/25/16,7/3/16,1,Yes,0,4,0,0,0,0,0,-79.94148,41.78098,2,10,8,2016,6,54,No,y2016,0,0
CC-24,1,6/23/16,6/29/16,7/10/16,1,Yes,0,3,1,2,0,0,0,-79.94,41.77884,6,17,11,2016,6,54,Yes,y2016,0,1
MM-34,2,6/26/16,6/26/16,6/29/16,1,Yes,0,3,0,0,0,0,0,-79.93274,41.77485,0,3,3,2016,6,57,No,y2016,0,0
Y-27,1,6/28/16,7/1/16,7/11/16,1,Yes,0,3,0,0,0,0,0,-79.93896,41.78059,3,13,10,2016,6,59,No,y2016,0,0
BB-31,1,6/28/16,6/28/16,7/13/16,1,Yes,0,3,0,2,0,0,0,-79.93611,41.77934,0,15,15,2016,6,59,No,y2016,0,1
OO-38,1,6/28/16,7/2/16,7/20/16,0,No,0,2,0,2,0,2,0,-79.93084,41.77408,4,22,18,2016,6,59,No,y2016,0,1
P-19,1,6/29/16,7/3/16,7/4/16,1,Yes,0,3,0,0,0,0,0,-79.94428,41.78386,4,5,1,2016,6,60,No,y2016,0,0
S-20,1,6/29/16,7/3/16,7/22/16,0,No,0,3,0,3,0,3,0,-79.94371,41.78265,4,23,19,2016,6,60,No,y2016,0,1
I-11,2,6/30/16,6/30/16,7/22/16,0,No,0,3,0,3,0,3,0,-79.94963,41.7865,0,22,22,2016,6,61,No,y2016,0,1
HH-43 (KR PowE),2,6/30/16,7/7/16,7/22/16,0,No,0,3,0,3,0,2,0,-79.92775,41.77678,7,22,15,2016,6,61,No,y2016,0,1
X-29,1,7/1/16,7/12/16,7/17/16,1,Yes,0,2,1,2,0,0,0,-79.93768,41.78113,11,16,5,2016,7,62,Yes,y2016,0,1
P-22,1,7/2/16,7/11/16,7/25/16,0,No,0,3,0,3,0,3,0,-79.94228,41.7843,9,23,14,2016,7,63,No,y2016,0,1
King Road,1,7/2/16,7/3/16,7/4/16,1,Yes,0,2,0,0,0,0,0,-79.93015,41.77429,1,2,1,2016,7,63,No,y2016,0,0
K-16,1,7/4/16,7/11/16,7/27/16,0,No,0,3,0,3,0,3,0,-79.94701,41.78629,7,23,16,2016,7,65,No,y2016,0,1
L-11,2,7/9/16,7/11/16,8/2/16,0,No,0,3,0,1,0,1,0,-79.94977,41.78502,2,24,22,2016,7,70,No,y2016,0,1
Q-19,1,7/9/16,7/11/16,7/17/16,1,Yes,0,3,0,0,0,0,0,-79.94442,41.78353,2,8,6,2016,7,70,No,y2016,0,0
II-26,1,7/9/16,7/12/16,7/30/16,1,Yes,0,3,0,3,0,0,0,-79.93838,41.77612,3,21,18,2016,7,70,No,y2016,0,1
HH-33,1,7/9/16,7/11/16,8/1/16,0,No,0,3,0,3,0,2,0,-79.93438,41.77716,2,23,21,2016,7,70,No,y2016,0,1
HH-23,1,7/10/16,7/14/16,7/19/16,1,Yes,1,3,0,0,0,0,0,-79.94042,41.77588,4,9,5,2016,7,71,No,y2016,0,0
LL-38,1,7/10/16,7/11/16,7/26/16,1,Yes,0,3,0,1,0,0,0,-79.93,41.77532,1,16,15,2016,7,71,No,y2016,0,1
F-18,1,7/13/16,7/19/16,8/3/16,0,No,0,2,0,2,0,2,0,-79.94627,41.78851,6,21,15,2016,7,74,No,y2016,0,1
S-17,1,7/14/16,7/15/16,7/26/16,1,Yes,0,3,0,0,0,0,0,-79.94565,41.78239,1,12,11,2016,7,75,No,y2016,0,0
W-18,1,7/15/16,8/2/16,8/6/16,1,Yes,0,3,0,3,0,0,0,-79.94429,41.78059,18,22,4,2016,7,76,No,y2016,0,1
X-27,2,7/17/16,7/18/16,8/7/16,0,No,0,3,0,3,0,3,0,-79.93874,41.78112,1,21,20,2016,7,78,No,y2016,0,1
R-15,1,7/22/16,7/23/16,8/14/16,0,No,0,3,0,3,0,3,0,-79.94631,41.78323,1,23,22,2016,7,83,No,y2016,0,1
Z-33,1,7/24/16,8/3/16,8/15/16,0,No,0,3,0,3,0,3,0,-79.93533,41.78083,10,22,12,2016,7,85,No,y2016,0,1
U-27,1,5/20/17,6/3/17,6/4/17,1,Yes,0,4,1,0,0,0,0,-79.93952,41.78264,14,15,1,2017,5,20,Yes,y2017,0,0
LL-36,1,5/20/17,5/26/17,5/27/17,1,Yes,0,3,2,0,0,0,0,-79.93205,41.77553,6,7,1,2017,5,20,Yes,y2017,0,0
K-15,1,5/21/17,5/22/17,6/17/17,0,No,0,4,1,3,0,3,0,-79.9474,41.78592,1,27,26,2017,5,21,Yes,y2017,0,1
X-19,1,5/21/17,5/26/17,5/29/17,1,Yes,0,1,2,0,0,0,0,-79.94421,41.78055,5,8,3,2017,5,21,Yes,y2017,0,0
OO-36,1,5/21/17,5/23/17,6/14/17,0,No,0,4,0,2,0,2,0,-79.93182,41.7738,2,24,22,2017,5,21,No,y2017,0,1
I-19,1,5/22/17,5/30/17,5/31/17,1,Yes,0,3,2,0,0,0,0,-79.94521,41.78731,8,9,1,2017,5,22,Yes,y2017,0,0
CC-24,1,5/22/17,5/22/17,6/16/17,0,No,0,4,1,3,0,3,0,-79.93994,41.77889,0,25,25,2017,5,22,Yes,y2017,0,1
H-16,1,5/23/17,5/27/17,6/6/17,1,Yes,0,3,0,0,0,0,0,-79.94716,41.78766,4,14,10,2017,5,23,No,y2017,0,0
S-15,1,5/23/17,6/3/17,6/6/17,1,Yes,0,4,0,0,0,0,0,-79.94643,41.78281,11,14,3,2017,5,23,No,y2017,0,0
OO-30,1,5/23/17,6/5/17,6/15/17,0,No,0,3,1,3,1,2,1,-79.93543,41.77354,13,23,10,2017,5,23,Yes,y2017,1,1
NN-35,1,5/23/17,5/23/17,5/27/17,1,Yes,0,2,1,0,0,0,0,-79.93267,41.77475,0,4,4,2017,5,23,Yes,y2017,0,0
LL-38,1,5/23/17,5/29/17,6/4/17,1,Yes,1,4,1,0,0,0,0,-79.9309,41.77564,6,12,6,2017,5,23,Yes,y2017,0,0
G-18,1,5/24/17,6/2/17,6/6/17,1,Yes,1,3,0,0,0,0,0,-79.94627,41.78842,9,13,4,2017,5,24,No,y2017,0,0
U-18,1,5/24/17,5/24/17,6/5/17,1,Yes,0,3,1,0,0,0,0,-79.94493,41.78159,0,12,12,2017,5,24,Yes,y2017,0,0
GG-37,1,5/24/17,5/26/17,6/17/17,0,No,0,3,2,2,1,2,1,-79.93149,41.77729,2,24,22,2017,5,24,Yes,y2017,1,1
OO-38 (King Rd),1,5/24/17,5/29/17,5/30/17,1,Yes,0,2,1,0,0,0,0,-79.9304,41.77394,5,6,1,2017,5,24,Yes,y2017,0,0
EE-40,1,5/24/17,5/26/17,6/19/17,0,No,0,3,2,2,0,2,0,-79.93037,41.77862,2,26,24,2017,5,24,Yes,y2017,0,1
EE-44,1,5/24/17,6/1/17,6/4/17,1,Yes,0,3,2,0,0,0,0,-79.92786,41.77912,8,11,3,2017,5,24,Yes,y2017,0,0
F-18,1,5/25/17,5/30/17,6/15/17,1,Yes,0,3,1,1,0,0,0,-79.94605,41.78895,5,21,16,2017,5,25,Yes,y2017,0,1
O-17,1,5/25/17,5/30/17,6/17/17,0,No,0,4,0,4,0,4,0,-79.94598,41.78464,5,23,18,2017,5,25,No,y2017,0,1
P-18,1,5/25/17,5/26/17,6/17/17,0,No,0,3,1,1,0,1,0,-79.94479,41.78396,1,23,22,2017,5,25,Yes,y2017,0,1
Z-21,1,5/25/17,5/25/17,5/27/17,1,Yes,1,1,0,0,0,0,0,-79.9423,41.77988,0,2,2,2017,5,25,No,y2017,0,0
S-27,1,5/25/17,6/6/17,6/7/17,1,Yes,0,3,0,0,0,0,0,-79.93927,41.78347,12,13,1,2017,5,25,No,y2017,0,0
FF-35,1,5/25/17,6/1/17,6/11/17,1,Yes,0,4,1,2,1,0,0,-79.93301,41.77762,7,17,10,2017,5,25,Yes,y2017,1,1
HH-44 (KR PowE),1,5/25/17,6/1/17,6/18/17,0,No,0,4,0,3,0,3,0,-79.92739,41.7774,7,24,17,2017,5,25,No,y2017,0,1
O-11,1,5/26/17,5/30/17,6/13/17,1,Yes,0,4,0,4,0,0,0,-79.94957,41.78395,4,18,14,2017,5,26,No,y2017,0,1
P-21,1,5/26/17,5/30/17,6/20/17,0,No,0,3,2,2,1,2,1,-79.94305,41.78485,4,25,21,2017,5,26,Yes,y2017,1,1
EE-20,1,5/26/17,5/26/17,6/6/17,1,Yes,0,3,0,0,0,0,0,-79.94241,41.77728,0,11,11,2017,5,26,No,y2017,0,0
S-22,1,5/26/17,5/26/17,5/27/17,1,Yes,0,1,0,0,0,0,0,-79.94236,41.78305,0,1,1,2017,5,26,No,y2017,0,0
GG-21,1,5/26/17,5/26/17,6/2/17,1,Yes,1,2,0,0,0,0,0,-79.94113,41.77652,0,7,7,2017,5,26,No,y2017,0,0
DD-33,1,5/26/17,5/26/17,6/2/17,1,Yes,0,3,0,0,0,0,0,-79.93478,41.77885,0,7,7,2017,5,26,No,y2017,0,0
JJ-33,1,5/26/17,5/26/17,6/10/17,1,Yes,0,4,1,0,0,0,0,-79.9343,41.77643,0,15,15,2017,5,26,Yes,y2017,0,0
BB-44 (KRGasS),1,5/26/17,6/9/17,6/19/17,0,No,0,3,1,0,1,0,1,-79.92841,41.78005,14,24,10,2017,5,26,Yes,y2017,1,1
Q-18,1,5/27/17,6/5/17,6/18/17,0,No,0,3,0,3,0,3,0,-79.94515,41.78328,9,22,13,2017,5,27,No,y2017,0,1
E-20,1,5/27/17,5/30/17,6/20/17,0,No,0,4,1,2,0,2,0,-79.9445,41.78922,3,24,21,2017,5,27,Yes,y2017,0,1
W-27,2,5/27/17,6/1/17,6/21/17,0,No,0,4,0,4,0,4,0,-79.93899,41.78161,5,25,20,2017,5,27,No,y2017,0,1
BB-28,1,5/27/17,5/29/17,6/6/17,1,Yes,1,3,1,0,0,0,0,-79.93781,41.77972,2,10,8,2017,5,27,Yes,y2017,0,0
AA-32,1,5/27/17,6/2/17,6/10/17,1,Yes,0,2,0,0,0,0,0,-79.9354,41.7798,6,14,8,2017,5,27,No,y2017,0,0
II-34,1,5/27/17,5/29/17,6/3/17,1,Yes,0,4,1,0,0,0,0,-79.93343,41.77661,2,7,5,2017,5,27,Yes,y2017,0,0
J-12,2,5/28/17,5/30/17,6/12/17,1,Yes,0,4,0,0,0,0,0,-79.94946,41.78619,2,15,13,2017,5,28,No,y2017,0,0
J-19,1,5/28/17,5/30/17,6/18/17,1,Yes,0,3,0,2,0,0,0,-79.94457,41.78674,2,21,19,2017,5,28,No,y2017,0,1
GG-26,1,5/28/17,5/29/17,5/30/17,1,Yes,0,2,0,0,0,0,0,-79.93863,41.77706,1,2,1,2017,5,28,No,y2017,0,0
KRHouse Transf,1,5/28/17,6/12/17,6/20/17,0,No,0,2,1,2,1,2,1,-79.92891,41.77621,15,23,8,2017,5,28,Yes,y2017,1,1
KRoad House E,1,5/28/17,5/29/17,5/30/17,1,Yes,1,0,2,0,0,0,0,-79.92753,41.77636,1,2,1,2017,5,28,Yes,y2017,0,0
L-18,1,5/29/17,5/29/17,6/23/17,0,No,0,3,0,3,0,2,0,-79.94544,41.78569,0,25,25,2017,5,29,No,y2017,0,1
CC-19,1,5/29/17,5/29/17,6/12/17,1,Yes,0,3,0,0,0,0,0,-79.94305,41.77843,0,14,14,2017,5,29,No,y2017,0,0
CC-23,1,5/29/17,5/29/17,6/20/17,0,No,0,2,0,2,0,1,0,-79.94093,41.77844,0,22,22,2017,5,29,No,y2017,0,1
KK-42 (KRHousW),1,5/29/17,6/1/17,6/16/17,1,Yes,0,3,1,1,0,0,0,-79.92816,41.77663,3,18,15,2017,5,29,Yes,y2017,0,1
R-14,1,5/30/17,5/30/17,6/19/17,1,Yes,0,4,0,4,0,0,0,-79.94722,41.78278,0,20,20,2017,5,30,No,y2017,0,1
OO-35,2,6/1/17,6/1/17,6/3/17,1,Yes,0,0,1,0,0,0,0,-79.93221,41.774,0,2,2,2017,6,32,Yes,y2017,0,0
EE-38,1,6/1/17,6/1/17,6/22/17,1,Yes,0,2,1,2,0,0,0,-79.93153,41.77866,0,21,21,2017,6,32,Yes,y2017,0,1
Y-22,2,6/2/17,6/3/17,6/12/17,1,Yes,1,3,0,0,0,0,0,-79.94177,41.78012,1,10,9,2017,6,33,No,y2017,0,0
X-30,1,6/2/17,6/6/17,6/25/17,0,No,0,4,0,4,0,4,0,-79.93767,41.78145,4,23,19,2017,6,33,No,y2017,0,1
LL-36,2,6/2/17,6/3/17,6/4/17,1,Yes,0,2,0,0,0,0,0,-79.93232,41.77552,1,2,1,2017,6,33,No,y2017,0,0
Y-18,1,6/3/17,6/3/17,6/16/17,1,Yes,0,4,0,0,0,0,0,-79.94424,41.78008,0,13,13,2017,6,34,No,y2017,0,0
R-21,2,6/3/17,6/3/17,6/27/17,0,No,0,4,0,4,0,4,0,-79.943,41.78332,0,24,24,2017,6,34,No,y2017,0,1
V-22,2,6/3/17,6/5/17,6/11/17,1,Yes,0,3,1,0,0,0,0,-79.94189,41.78162,2,8,6,2017,6,34,Yes,y2017,0,0
F-10,1,6/4/17,6/5/17,6/28/17,0,No,0,3,0,3,0,3,0,-79.95109,41.78749,1,24,23,2017,6,35,No,y2017,0,1
OO-31,1,6/6/17,6/20/17,6/29/17,0,No,0,2,1,2,1,2,0,-79.935,41.7735,14,23,9,2017,6,37,Yes,y2017,1,1
I-18,2,6/7/17,6/7/17,6/22/17,1,Yes,0,4,1,0,0,0,0,-79.94592,41.78727,0,15,15,2017,6,38,Yes,y2017,0,0
GG-21,2,6/7/17,6/13/17,7/1/17,0,No,0,3,1,3,1,2,1,-79.94146,41.77563,6,24,18,2017,6,38,Yes,y2017,1,1
Y-23,3,6/7/17,6/16/17,6/23/17,1,Yes,0,2,1,1,1,0,0,-79.94079,41.78019,9,16,7,2017,6,38,Yes,y2017,1,1
GG-28,1,6/8/17,6/17/17,6/21/17,1,Yes,0,4,0,0,0,0,0,-79.93701,41.77721,9,13,4,2017,6,39,No,y2017,0,0
DD-33,2,6/8/17,6/9/17,6/26/17,1,Yes,0,4,1,3,0,0,0,-79.93468,41.77889,1,18,17,2017,6,39,Yes,y2017,0,1
DD-27,1,6/9/17,6/14/17,6/17/17,1,Yes,0,2,0,0,0,0,0,-79.93858,41.77815,5,8,3,2017,6,40,No,y2017,0,0
EE-44,2,6/9/17,6/9/17,6/12/17,1,Yes,0,1,2,0,0,0,0,-79.92783,41.77928,0,3,3,2017,6,40,Yes,y2017,0,0
U-25,2,6/10/17,6/14/17,6/16/17,1,Yes,0,3,1,0,0,0,0,-79.94083,41.78243,4,6,2,2017,6,41,Yes,y2017,0,0
CC-28,2,6/10/17,6/14/17,7/3/17,0,No,0,4,0,4,0,4,0,-79.93787,41.77901,4,23,19,2017,6,41,No,y2017,0,1
MM-33,3,6/10/17,6/11/17,7/2/17,1,Yes,0,2,2,2,1,0,0,-79.93364,41.77488,1,22,21,2017,6,41,Yes,y2017,1,1
V-17,2,6/11/17,6/14/17,6/16/17,1,Yes,0,3,1,0,0,0,0,-79.94493,41.78114,3,5,2,2017,6,42,Yes,y2017,0,0
G-16,2,6/12/17,6/17/17,7/5/17,1,Yes,0,4,0,2,0,0,0,-79.94704,41.78817,5,23,18,2017,6,43,No,y2017,0,1
DD-20,2,6/12/17,6/17/17,6/25/17,1,Yes,0,3,0,0,0,0,0,-79.94232,41.77765,5,13,8,2017,6,43,No,y2017,0,0
OO-38 (King Rd),2,6/12/17,6/16/17,7/5/17,0,No,0,4,0,1,0,1,0,-79.93038,41.77361,4,23,19,2017,6,43,No,y2017,0,1
U-15,2,6/13/17,6/16/17,6/23/17,1,Yes,0,4,0,0,0,0,0,-79.94621,41.78135,3,10,7,2017,6,44,No,y2017,0,0
KK-32,2,6/16/17,6/20/17,6/26/17,1,Yes,0,3,1,0,0,0,0,-79.93489,41.77543,4,10,6,2017,6,47,Yes,y2017,0,0
FF-35,2,6/17/17,6/21/17,6/23/17,1,Yes,0,3,1,0,0,0,0,-79.93306,41.77741,4,6,2,2017,6,48,Yes,y2017,0,0
FF-44,3,6/17/17,6/18/17,6/20/17,1,Yes,0,2,1,0,0,0,0,-79.92772,41.77866,1,3,2,2017,6,48,Yes,y2017,0,0
V-22,3,6/18/17,6/22/17,6/23/17,1,Yes,0,4,0,0,0,0,0,-79.94169,41.78146,4,5,1,2017,6,49,No,y2017,0,0
N-11,2,6/19/17,6/24/17,6/26/17,1,Yes,0,4,0,0,0,0,0,-79.94997,41.78461,5,7,2,2017,6,50,No,y2017,0,0
H-10,3,6/20/17,6/24/17,7/11/17,0,No,0,2,0,2,0,2,0,-79.95014,41.78661,4,21,17,2017,6,51,No,y2017,0,1
NN-36,2,6/21/17,6/25/17,6/26/17,1,Yes,0,2,1,0,0,0,0,-79.9321,41.77457,4,5,1,2017,6,52,Yes,y2017,0,0
G-18,2,6/22/17,6/27/17,7/16/17,0,No,0,3,1,3,0,3,0,-79.94579,41.78814,5,24,19,2017,6,53,Yes,y2017,0,1
F-18,2,6/22/17,6/27/17,7/4/17,1,Yes,0,4,0,0,0,0,0,-79.94579,41.78814,5,12,7,2017,6,53,No,y2017,0,0
W-17,3,6/22/17,6/27/17,6/30/17,1,Yes,0,3,0,0,0,0,0,-79.94521,41.78091,5,8,3,2017,6,53,No,y2017,0,0
W-18,3,6/22/17,6/27/17,6/30/17,1,Yes,0,4,0,0,0,0,0,-79.94441,41.78055,5,8,3,2017,6,53,No,y2017,0,0
AA-31,2,6/22/17,6/22/17,6/26/17,1,Yes,0,3,1,0,0,0,0,-79.93599,41.78004,0,4,4,2017,6,53,Yes,y2017,0,0
KR House E,2,6/22/17,6/28/17,7/3/17,1,Yes,0,2,0,0,0,0,0,-79.92801,41.77582,6,11,5,2017,6,53,No,y2017,0,0
KRHouse W,2,6/23/17,6/25/17,6/26/17,1,Yes,0,2,1,0,0,0,0,-79.92796,41.7766,2,3,1,2017,6,54,Yes,y2017,0,0
J-19,2,6/24/17,6/24/17,6/25/17,1,Yes,0,1,1,0,0,0,0,-79.94515,41.78687,0,1,1,2017,6,55,Yes,y2017,0,0
S-14,2,6/25/17,6/27/17,7/18/17,0,No,0,3,0,3,0,3,0,-79.94713,41.78207,2,23,21,2017,6,56,No,y2017,0,1
X-22,4,6/25/17,6/28/17,7/12/17,1,Yes,0,3,0,3,0,0,0,-79.94192,41.78089,3,17,14,2017,6,56,No,y2017,0,1
FF-38,2,6/25/17,6/29/17,7/8/17,0,No,0,1,2,0,0,0,0,-79.93122,41.77797,4,13,9,2017,6,56,Yes,y2017,0,0
EE-44,4,6/25/17,7/1/17,7/12/17,1,Yes,0,2,0,1,0,0,0,-79.92753,41.77944,6,17,11,2017,6,56,No,y2017,0,1
P-16,3,6/27/17,7/4/17,7/20/17,0,No,0,3,0,3,0,3,0,-79.94611,41.78381,7,23,16,2017,6,58,No,y2017,0,1
EE-26,2,6/27/17,6/28/17,7/13/17,1,Yes,0,2,0,0,0,0,0,-79.93833,41.77769,1,16,15,2017,6,58,No,y2017,0,0
GG-28,2,6/27/17,6/29/17,7/20/17,0,No,0,4,0,3,0,3,0,-79.93719,41.77704,2,23,21,2017,6,58,No,y2017,0,1
JJ-36,2,6/28/17,7/5/17,7/21/17,0,No,0,3,0,2,0,2,0,-79.9317,41.77647,7,23,16,2017,6,59,No,y2017,0,1
AA-24,4,6/29/17,7/4/17,7/12/17,1,Yes,0,3,0,0,0,0,0,-79.94083,41.77928,5,13,8,2017,6,60,No,y2017,0,0
CC-24,2,6/29/17,7/3/17,7/22/17,0,No,0,3,0,3,0,3,0,-79.9399,41.77883,4,23,19,2017,6,60,No,y2017,0,1
FF-35,3,6/29/17,6/29/17,7/15/17,1,Yes,0,4,0,3,0,0,0,-79.93323,41.77752,0,16,16,2017,6,60,No,y2017,0,1
N-11,3,6/30/17,7/2/17,7/22/17,0,No,0,3,0,3,0,3,0,-79.9496,41.78442,2,22,20,2017,6,61,No,y2017,0,1
X-27,2,6/30/17,7/19/17,7/22/17,0,No,0,3,0,3,0,3,0,-79.93919,41.78111,19,22,3,2017,6,61,No,y2017,0,1
K-19,3,7/1/17,7/4/17,7/7/17,0,No,0,3,0,0,0,0,0,-79.94454,41.78622,3,6,3,2017,7,62,No,y2017,0,0
CC-22,2,7/1/17,7/3/17,7/24/17,0,No,0,3,0,3,0,3,0,-79.94132,41.77836,2,23,21,2017,7,62,No,y2017,0,1
EE-23,3,7/1/17,7/4/17,7/18/17,1,Yes,0,4,0,2,0,0,0,-79.94086,41.7776,3,17,14,2017,7,62,No,y2017,0,1
Z-32,3,7/1/17,7/3/17,7/24/17,0,No,0,3,0,3,0,3,0,-79.93584,41.78057,2,23,21,2017,7,62,No,y2017,0,1
JJ-33,3,7/1/17,7/4/17,7/24/17,0,No,0,3,0,3,0,3,0,-79.93391,41.77612,3,23,20,2017,7,62,No,y2017,0,1
OO-35,3,7/1/17,7/1/17,7/24/17,0,No,0,4,0,4,0,4,0,-79.93266,41.77397,0,23,23,2017,7,62,No,y2017,0,1
O-14,1,7/2/17,7/4/17,7/24/17,0,No,0,3,0,2,0,2,0,-79.94783,41.78413,2,22,20,2017,7,63,No,y2017,0,1
S-24,3,7/2/17,7/3/17,7/22/17,1,Yes,0,3,0,3,0,0,0,-79.9406,41.78278,1,20,19,2017,7,63,No,y2017,0,1
DD-34,3,7/2/17,7/3/17,7/18/17,1,Yes,0,2,0,2,0,0,0,-79.9344,41.77894,1,16,15,2017,7,63,No,y2017,0,1
M-15,3,7/3/17,7/8/17,7/22/17,1,Yes,0,3,0,3,0,0,0,-79.94718,41.7852,5,19,14,2017,7,64,No,y2017,0,1
T-17,4,7/3/17,7/6/17,7/19/17,1,Yes,0,3,0,2,0,0,0,-79.94513,41.78205,3,16,13,2017,7,64,No,y2017,0,1
KRHouse W,3,7/4/17,7/16/17,7/27/17,0,No,0,3,1,3,0,3,0,-79.92841,41.77669,12,23,11,2017,7,65,Yes,y2017,0,1
HH-44 (KR PowE),2,7/4/17,7/9/17,7/27/17,0,No,0,3,1,2,0,2,0,-79.92783,41.77733,5,23,18,2017,7,65,Yes,y2017,0,1
T-15,4,7/5/17,7/10/17,7/12/17,1,Yes,0,4,0,0,0,0,0,-79.94653,41.78198,5,7,2,2017,7,66,No,y2017,0,0
X-17,4,7/6/17,7/19/17,7/28/17,0,No,0,3,0,2,0,2,0,-79.94449,41.78036,13,22,9,2017,7,67,No,y2017,0,1
Q-20,3,7/6/17,7/8/17,7/11/17,1,Yes,0,3,0,0,0,0,0,-79.94364,41.78383,2,5,3,2017,7,67,No,y2017,0,0
P-21,2,7/6/17,7/8/17,7/26/17,1,Yes,0,2,0,2,0,0,0,-79.94202,41.78462,2,20,18,2017,7,67,No,y2017,0,1
K-15,4,7/7/17,7/8/17,7/21/17,1,Yes,0,4,0,0,0,0,0,-79.94717,41.78602,1,14,13,2017,7,68,No,y2017,0,0
W-22,4,7/8/17,7/9/17,7/29/17,1,Yes,0,3,0,3,0,0,0,-79.94241,41.78109,1,21,20,2017,7,69,No,y2017,0,1
EE-43,2,7/8/17,7/9/17,7/10/17,1,Yes,0,2,0,0,0,0,0,-79.92885,41.77881,1,2,1,2017,7,69,No,y2017,0,0
F-18,3,7/9/17,7/25/17,8/1/17,0,No,0,3,0,3,0,3,0,-79.94589,41.7889,16,23,7,2017,7,70,No,y2017,0,1
S-26,3,7/9/17,7/10/17,8/1/17,0,No,0,3,0,2,0,2,0,-79.93926,41.78306,1,23,22,2017,7,70,No,y2017,0,1
F-11,3,7/12/17,7/19/17,8/7/17,0,No,0,4,0,4,0,4,0,-79.95001,41.78801,7,26,19,2017,7,73,No,y2017,0,1
T-23,1,7/13/17,7/28/17,8/2/17,1,Yes,0,4,0,4,0,0,0,-79.94188,41.7827,15,20,5,2017,7,74,No,y2017,0,1
NN-28,2,7/14/17,7/14/17,7/29/17,1,Yes,0,3,0,1,0,0,0,-79.93716,41.77404,0,15,15,2017,7,75,No,y2017,0,1
F-10,2,7/15/17,7/15/17,7/16/17,1,Yes,1,1,0,0,0,0,0,-79.95091,41.78796,0,1,1,2017,7,76,No,y2017,0,0
U-16,5,7/16/17,7/30/17,8/8/17,0,No,0,3,0,3,0,3,0,-79.94595,41.78164,14,23,9,2017,7,77,No,y2017,0,1
EE-40,3,7/16/17,7/25/17,8/5/17,1,Yes,0,3,0,3,0,0,0,-79.9303,41.77835,9,20,11,2017,7,77,No,y2017,0,1
H-14,3,7/17/17,7/19/17,8/8/17,0,No,0,3,0,3,0,3,0,-79.94811,41.78756,2,22,20,2017,7,78,No,y2017,0,1
L-18,4,7/17/17,7/28/17,8/10/17,0,No,0,3,0,3,0,3,0,-79.94543,41.7856,11,24,13,2017,7,78,No,y2017,0,1
FF-44,5,7/17/17,7/20/17,8/8/17,0,No,0,3,0,2,0,2,0,-79.92783,41.77851,3,22,19,2017,7,78,No,y2017,0,1
W-24,5,7/18/17,7/28/17,8/8/17,0,No,0,3,0,3,0,3,0,-79.94099,41.78126,10,21,11,2017,7,79,No,y2017,0,1
AA-26,5,7/18/17,7/29/17,8/2/17,1,Yes,1,2,0,0,0,0,0,-79.93981,41.77951,11,15,4,2017,7,79,No,y2017,0,0
KRCemetery,1,7/21/17,7/25/17,8/13/17,0,No,0,3,0,3,0,3,0,-79.92918,41.77435,4,23,19,2017,7,82,No,y2017,0,1
EE-20,4,7/23/17,7/26/17,8/16/17,0,No,0,3,0,1,0,1,0,-79.94203,41.77773,3,24,21,2017,7,84,No,y2017,0,1
HH-24,2,7/23/17,7/29/17,8/2/17,1,Yes,0,2,0,0,0,0,0,-79.94022,41.77499,6,10,4,2017,7,84,No,y2017,0,0
KRHouse E,3,7/23/17,7/23/17,7/24/17,1,Yes,0,1,0,0,0,0,0,-79.928,41.77628,0,1,1,2017,7,84,No,y2017,0,0
K-14,5,7/24/17,7/25/17,8/16/17,0,No,0,3,0,3,0,3,0,-79.94755,41.78612,1,23,22,2017,7,85,No,y2017,0,1
S-19,5,7/24/17,7/26/17,8/3/17,1,Yes,0,3,0,0,0,0,0,-79.94419,41.7826,2,10,8,2017,7,85,No,y2017,0,0
FF-36,1,5/19/18,5/24/18,6/12/18,0,No,0,4,0,4,0,4,0,-79.933,41.77762,5,24,19,2018,5,19,No,y2018,0,1
P-21,1,5/20/18,5/25/18,5/31/18,1,Yes,0,3,1,0,0,0,0,-79.94347,41.78431,5,11,6,2018,5,20,Yes,y2018,0,0
X-26,1,5/20/18,5/24/18,5/26/18,1,Yes,0,4,0,0,0,0,0,-79.93951,41.78117,4,6,2,2018,5,20,No,y2018,0,0
GG-27,1,5/20/18,5/20/18,6/5/18,1,Yes,0,4,0,1,0,0,0,-79.93833,41.77721,0,16,16,2018,5,20,No,y2018,0,1
X-18,1,5/21/18,6/2/18,6/5/18,1,Yes,0,4,0,0,0,0,0,-79.9446,41.78021,12,15,3,2018,5,21,No,y2018,0,0
G-16,1,5/22/18,6/3/18,6/14/18,0,No,0,4,0,3,0,3,0,-79.94704,41.78799,12,23,11,2018,5,22,No,y2018,0,1
P-16,1,5/23/18,5/23/18,6/4/18,1,Yes,0,4,0,0,0,0,0,-79.94606,41.78381,0,12,12,2018,5,23,No,y2018,0,0
CC-23,1,5/23/18,5/29/18,6/5/18,1,Yes,0,3,0,0,0,0,0,-79.94074,41.77879,6,13,7,2018,5,23,No,y2018,0,0
AA-31,1,5/23/18,5/29/18,6/6/18,1,Yes,0,4,1,0,0,0,0,-79.93607,41.78038,6,14,8,2018,5,23,Yes,y2018,0,0
P-20,1,5/24/18,5/29/18,6/16/18,0,No,0,4,0,4,0,4,0,-79.94428,41.78411,5,23,18,2018,5,24,No,y2018,0,1
BB-28,1,5/24/18,5/24/18,6/9/18,1,Yes,0,3,0,1,0,0,0,-79.93779,41.77981,0,16,16,2018,5,24,No,y2018,0,1
FF-30,1,5/25/18,5/28/18,6/12/18,1,Yes,0,3,2,2,1,0,0,-79.93592,41.77794,3,18,15,2018,5,25,Yes,y2018,1,1
J-12,2,5/26/18,6/6/18,6/20/18,0,No,0,4,0,4,0,4,0,-79.94947,41.78628,11,25,14,2018,5,26,No,y2018,0,1
L-15,2,5/26/18,6/1/18,6/2/18,1,Yes,0,4,0,0,0,0,0,-79.94704,41.78583,6,7,1,2018,5,26,No,y2018,0,0
H-18,1,5/26/18,6/1/18,6/20/18,0,No,0,4,0,4,0,4,0,-79.94572,41.78749,6,25,19,2018,5,26,No,y2018,0,1
K-18,2,5/26/18,6/1/18,6/2/18,1,Yes,0,4,0,0,0,0,0,-79.94571,41.78603,6,7,1,2018,5,26,No,y2018,0,0
OO-35,1,5/26/18,6/5/18,6/16/18,1,Yes,0,4,0,4,0,0,0,-79.93213,41.77387,10,21,11,2018,5,26,No,y2018,0,1
KingRd Cemetery,1,5/26/18,6/6/18,6/13/18,1,Yes,0,3,1,1,1,0,0,-79.92911,41.77404,11,18,7,2018,5,26,Yes,y2018,1,1
EE-44,1,5/26/18,5/27/18,6/18/18,0,No,0,3,0,3,0,3,0,-79.92812,41.779,1,23,22,2018,5,26,No,y2018,0,1
KR Pow E,1,5/26/18,6/5/18,6/6/18,1,Yes,0,4,1,0,0,0,0,-79.92744,41.77706,10,11,1,2018,5,26,Yes,y2018,0,0
M-20,1,5/27/18,5/28/18,5/30/18,1,Yes,0,1,1,0,0,0,0,-79.94402,41.78631,1,3,2,2018,5,27,Yes,y2018,0,0
W-34,1,5/27/18,5/28/18,6/13/18,1,Yes,0,2,1,2,1,0,0,-79.93475,41.78198,1,17,16,2018,5,27,Yes,y2018,1,1
JJ-34,1,5/27/18,5/27/18,6/13/18,1,Yes,0,3,0,3,0,0,0,-79.93343,41.77622,0,17,17,2018,5,27,No,y2018,0,1
GG-37,1,5/27/18,5/30/18,6/16/18,1,Yes,1,3,1,2,0,0,0,-79.93214,41.77768,3,20,17,2018,5,27,Yes,y2018,0,1
O-12,1,5/28/18,6/3/18,6/21/18,0,No,0,4,0,4,0,4,0,-79.94846,41.78407,6,24,18,2018,5,28,No,y2018,0,1
H-10,2,5/29/18,6/3/18,6/4/18,1,Yes,0,4,0,0,0,0,0,-79.95095,41.78673,5,6,1,2018,5,29,No,y2018,0,0
G-19,1,5/30/18,6/3/18,6/23/18,0,No,0,1,2,0,2,0,1,-79.94511,41.78848,4,24,20,2018,5,30,Yes,y2018,1,1
S-20,1,5/30/18,6/1/18,6/2/18,1,Yes,0,3,0,0,0,0,0,-79.94349,41.78261,2,3,1,2018,5,30,No,y2018,0,0
T-24,1,5/30/18,6/1/18,6/6/18,1,Yes,0,3,1,0,0,0,0,-79.94112,41.78249,2,7,5,2018,5,30,Yes,y2018,0,0
V-22,2,5/31/18,6/1/18,6/7/18,1,Yes,0,2,0,0,0,0,0,-79.94167,41.78143,1,7,6,2018,5,31,No,y2018,0,0
NN-34,1,5/31/18,6/5/18,6/24/18,0,No,0,4,0,4,0,4,0,-79.93301,41.77433,5,24,19,2018,5,31,No,y2018,0,1
LL-38,1,5/31/18,6/5/18,6/24/18,0,No,0,4,0,3,0,3,0,-79.93081,41.7756,5,24,19,2018,5,31,No,y2018,0,1
Y-26,1,6/1/18,6/2/18,6/25/18,0,No,0,3,0,3,0,3,0,-79.93924,41.78063,1,24,23,2018,6,32,No,y2018,0,1
U-28,1,6/1/18,6/1/18,6/25/18,0,No,0,3,1,2,1,2,1,-79.93874,41.7826,0,24,24,2018,6,32,Yes,y2018,1,1
HH-28,1,6/1/18,6/4/18,6/25/18,0,No,0,4,0,4,0,4,0,-79.93763,41.77645,3,24,21,2018,6,32,No,y2018,0,1
HH-25,1,6/2/18,6/7/18,6/12/18,1,Yes,0,3,1,0,0,0,0,-79.93897,41.77639,5,10,5,2018,6,33,Yes,y2018,0,0
KRGas,1,6/2/18,6/16/18,6/21/18,1,Yes,0,3,1,1,1,0,0,-79.92825,41.7798,14,19,5,2018,6,33,Yes,y2018,1,1
P-14,1,6/3/18,6/3/18,6/4/18,1,Yes,1,1,1,0,0,0,0,-79.94729,41.78328,0,1,1,2018,6,34,Yes,y2018,0,0
M-20,2,6/3/18,6/8/18,6/21/18,1,Yes,0,4,1,3,1,0,0,-79.94364,41.78554,5,18,13,2018,6,34,Yes,y2018,1,1
I-16,1,6/4/18,6/6/18,6/24/18,1,Yes,0,3,0,0,0,0,0,-79.94719,41.78716,2,20,18,2018,6,35,No,y2018,0,0
P-21,2,6/4/18,6/8/18,6/12/18,1,Yes,0,3,1,0,0,0,0,-79.9427,41.78422,4,8,4,2018,6,35,Yes,y2018,0,0
BB-39,1,6/5/18,6/11/18,6/26/18,0,No,0,3,0,3,0,3,0,-79.93124,41.78,6,21,15,2018,6,36,No,y2018,0,1
Z-21,1,6/6/18,6/7/18,6/12/18,1,Yes,0,2,0,0,0,0,0,-79.94217,41.7799,1,6,5,2018,6,37,No,y2018,0,0
L-15,3,6/8/18,6/12/18,6/14/18,1,Yes,0,3,0,0,0,0,0,-79.94727,41.78576,4,6,2,2018,6,39,No,y2018,0,0
L-16,3,6/8/18,6/8/18,7/1/18,0,No,0,4,0,4,0,4,0,-79.94653,41.78578,0,23,23,2018,6,39,No,y2018,0,1
FF-27,2,6/8/18,6/11/18,6/22/18,1,Yes,0,4,0,0,0,0,0,-79.93806,41.77766,3,14,11,2018,6,39,No,y2018,0,0
KingRd,2,6/9/18,6/11/18,6/20/18,1,Yes,0,2,2,0,0,0,0,-79.92991,41.77388,2,11,9,2018,6,40,Yes,y2018,0,0
AA-18,1,6/10/18,6/11/18,6/12/18,1,Yes,0,2,0,0,0,0,0,-79.94376,41.77908,1,2,1,2018,6,41,No,y2018,0,0
KRPowL W,1,6/10/18,6/16/18,7/2/18,0,No,0,3,1,3,0,3,0,-79.9283,41.77776,6,22,16,2018,6,41,Yes,y2018,0,1
Q-13,1,6/11/18,6/11/18,7/2/18,1,Yes,0,4,0,3,0,0,0,-79.94773,41.78309,0,21,21,2018,6,42,No,y2018,0,1
R-22,1,6/11/18,6/11/18,6/15/18,1,Yes,1,1,1,0,0,0,0,-79.94263,41.7832,0,4,4,2018,6,42,Yes,y2018,0,0
R-24,2,6/11/18,6/15/18,6/17/18,1,Yes,0,4,0,0,0,0,0,-79.94103,41.78356,4,6,2,2018,6,42,No,y2018,0,0
GG-26,2,6/11/18,6/15/18,6/21/18,1,Yes,0,4,0,0,0,0,0,-79.93852,41.77679,4,10,6,2018,6,42,No,y2018,0,0
AA-35,1,6/11/18,6/11/18,6/25/18,1,Yes,0,4,0,0,0,0,0,-79.93388,41.78088,0,14,14,2018,6,42,No,y2018,0,0
CC-23,2,6/12/18,6/14/18,6/17/18,1,Yes,0,3,0,0,0,0,0,-79.9408,41.77841,2,5,3,2018,6,43,No,y2018,0,0
BB-24,2,6/12/18,6/15/18,6/27/18,1,Yes,0,3,0,3,0,0,0,-79.94025,41.77875,3,15,12,2018,6,43,No,y2018,0,1
W-23,3,6/13/18,6/15/18,7/6/18,0,No,0,3,0,1,0,1,0,-79.9417,41.78157,2,23,21,2018,6,44,No,y2018,0,1
AA-29,2,6/13/18,6/21/18,7/6/18,0,No,0,3,0,3,0,3,0,-79.9371,41.78002,8,23,15,2018,6,44,No,y2018,0,1
JJ-34,2,6/13/18,6/19/18,6/20/18,1,Yes,0,3,0,0,0,0,0,-79.93355,41.77627,6,7,1,2018,6,44,No,y2018,0,0
P-16,2,6/14/18,6/17/18,7/7/18,0,No,0,3,0,3,0,3,0,-79.94628,41.78407,3,23,20,2018,6,45,No,y2018,0,1
R-16,2,6/15/18,6/15/18,7/8/18,0,No,0,4,0,3,0,3,0,-79.94608,41.78296,0,23,23,2018,6,46,No,y2018,0,1
K-15,4,6/17/18,7/6/18,7/7/18,1,Yes,0,4,0,4,0,0,0,-79.94719,41.78613,19,20,1,2018,6,48,No,y2018,0,1
Z-19,2,6/18/18,6/18/18,7/12/18,0,No,0,4,0,4,0,4,0,-79.94395,41.77975,0,24,24,2018,6,49,No,y2018,0,1
AA-21,3,6/18/18,6/18/18,6/23/18,1,Yes,0,2,0,0,0,0,0,-79.94212,41.77941,0,5,5,2018,6,49,No,y2018,0,0
KingRd Cemetery,2,6/19/18,6/27/18,7/11/18,0,No,0,3,0,3,0,3,0,-79.92897,41.77401,8,22,14,2018,6,50,No,y2018,0,1
EE-32,2,6/20/18,6/20/18,7/1/18,1,Yes,0,3,0,0,0,0,0,-79.93547,41.77829,0,11,11,2018,6,51,No,y2018,0,0
GG-37,2,6/22/18,6/25/18,7/15/18,0,No,0,3,0,3,0,3,0,-79.93141,41.77717,3,23,20,2018,6,53,No,y2018,0,1
P-24,3,6/24/18,7/4/18,7/17/18,0,No,0,3,0,3,0,3,0,-79.94132,41.78384,10,23,13,2018,6,55,No,y2018,0,1
T-18,3,6/25/18,6/25/18,7/12/18,1,Yes,0,3,0,2,0,0,0,-79.9447,41.78224,0,17,17,2018,6,56,No,y2018,0,1
X-19,3,6/25/18,6/25/18,6/27/18,1,Yes,0,1,0,0,0,0,0,-79.94426,41.78065,0,2,2,2018,6,56,No,y2018,0,0
CC-23,3,6/25/18,6/25/18,6/27/18,1,Yes,1,1,0,0,0,0,0,-79.9407,41.77852,0,2,2,2018,6,56,No,y2018,0,0
FF-26,3,6/25/18,6/26/18,7/15/18,1,Yes,0,4,0,3,0,0,0,-79.93836,41.77723,1,20,19,2018,6,56,No,y2018,0,1
DD-32,2,6/25/18,6/26/18,7/18/18,0,No,0,4,0,4,0,4,0,-79.9353,41.77886,1,23,22,2018,6,56,No,y2018,0,1
JJ-35,3,6/25/18,6/30/18,7/17/18,0,No,0,3,0,3,0,3,0,-79.93321,41.77639,5,22,17,2018,6,56,No,y2018,0,1
OO-35,2,6/25/18,6/30/18,7/8/18,1,Yes,1,3,0,0,0,0,0,-79.93224,41.77369,5,13,8,2018,6,56,No,y2018,0,0
King Road,3,6/25/18,7/7/18,7/17/18,0,No,0,3,0,3,0,3,0,-79.93082,41.77375,12,22,10,2018,6,56,No,y2018,0,1
X-27,3,6/26/18,7/5/18,7/7/18,1,Yes,0,3,0,0,0,0,0,-79.93883,41.7814,9,11,2,2018,6,57,No,y2018,0,0
X-29,1,6/26/18,7/5/18,7/6/18,1,Yes,0,3,0,0,0,0,0,-79.93784,41.78157,9,10,1,2018,6,57,No,y2018,0,0
LL-28,2,6/26/18,7/5/18,7/18/18,0,No,0,4,0,4,0,4,0,-79.93653,41.77507,9,22,13,2018,6,57,No,y2018,0,1
M-20,3,6/27/18,7/1/18,7/21/18,0,No,0,4,0,4,0,4,0,-79.94292,41.78642,4,24,20,2018,6,58,No,y2018,0,1
U-24,3,6/27/18,7/2/18,7/20/18,0,No,0,3,0,3,0,3,0,-79.94084,41.78265,5,23,18,2018,6,58,No,y2018,0,1
KK-32,4,6/27/18,7/5/18,7/6/18,1,Yes,0,3,0,0,0,0,0,-79.93441,41.77564,8,9,1,2018,6,58,No,y2018,0,0
KRGas,2,6/27/18,7/5/18,7/7/18,1,Yes,0,3,0,0,0,0,0,-79.92883,41.78052,8,10,2,2018,6,58,No,y2018,0,0
HH-33,2,6/28/18,6/30/18,7/20/18,0,No,0,4,0,2,0,2,0,-79.93448,41.77686,2,22,20,2018,6,59,No,y2018,0,1
G-18,1,6/29/18,7/3/18,7/15/18,1,Yes,0,3,0,2,0,0,0,-79.94596,41.78809,4,16,12,2018,6,60,No,y2018,0,1
R-23,2,6/29/18,6/29/18,7/21/18,0,No,0,3,0,3,0,3,0,-79.94223,41.78328,0,22,22,2018,6,60,No,y2018,0,1
DD-26,2,6/29/18,6/30/18,7/22/18,0,No,0,3,0,3,0,3,0,-79.93884,41.77843,1,23,22,2018,6,60,No,y2018,0,1
Y-33,2,6/29/18,6/29/18,6/30/18,1,Yes,1,0,1,0,0,0,0,-79.93523,41.78109,0,1,1,2018,6,60,Yes,y2018,0,0
P-19,3,6/30/18,7/2/18,7/23/18,0,No,0,3,0,3,0,3,0,-79.94413,41.78415,2,23,21,2018,6,61,No,y2018,0,1
O-11,3,6/30/18,7/13/18,7/23/18,0,No,0,3,0,3,0,3,0,-79.93298,41.77461,13,23,10,2018,6,61,No,y2018,0,1
Z-23,3,7/1/18,7/2/18,7/4/18,1,Yes,0,2,0,0,0,0,0,-79.94115,41.78,1,3,2,2018,7,62,No,y2018,0,0
HH-23,1,7/3/18,7/14/18,7/20/18,1,Yes,0,3,0,3,0,0,0,-79.94011,41.77599,11,17,6,2018,7,64,No,y2018,0,1
LL-38,2,7/3/18,7/23/18,7/26/18,0,No,0,3,0,3,0,3,0,-79.93059,41.7754,20,23,3,2018,7,64,No,y2018,0,1
G-19,2,7/4/18,7/8/18,7/26/18,0,No,0,3,0,3,0,2,0,-79.94484,41.78799,4,22,18,2018,7,65,No,y2018,0,1
NN-28,1,7/5/18,7/13/18,7/27/18,0,No,0,1,1,1,1,1,1,-79.93681,41.77436,8,22,14,2018,7,66,Yes,y2018,1,1
W-26,4,7/8/18,7/16/18,7/31/18,0,No,0,3,0,2,0,2,0,-79.93941,41.78164,8,23,15,2018,7,69,No,y2018,0,1
EE-31,3,7/9/18,7/9/18,8/1/18,0,No,0,2,0,2,0,2,0,-79.93581,41.77806,0,23,23,2018,7,70,No,y2018,0,1
CC-22,3,7/10/18,7/11/18,7/27/18,1,Yes,0,3,0,3,0,0,0,-79.94123,41.77842,1,17,16,2018,7,71,No,y2018,0,1
KK-34,5,7/10/18,7/10/18,7/28/18,1,Yes,0,3,0,3,0,0,0,-79.93336,41.77543,0,18,18,2018,7,71,No,y2018,0,1
NN-35,2,7/10/18,7/12/18,7/24/18,1,Yes,0,3,0,0,0,0,0,-79.93224,41.7744,2,14,12,2018,7,71,No,y2018,0,0
H-19,3,7/11/18,7/21/18,8/2/18,0,No,0,3,0,3,0,3,0,-79.94462,41.78724,10,22,12,2018,7,72,No,y2018,0,1
KR Gas Well,3,7/13/18,7/18/18,7/24/18,1,Yes,0,3,0,0,0,0,0,-79.92814,41.78035,5,11,6,2018,7,74,No,y2018,0,0
V-22,4,7/15/18,7/16/18,8/6/18,0,No,0,3,0,3,0,3,0,-79.9416,41.78171,1,22,21,2018,7,76,No,y2018,0,1
Y-31,2,7/16/18,7/31/18,8/8/18,0,No,0,3,0,3,0,2,0,-79.93632,41.78118,15,23,8,2018,7,77,No,y2018,0,1
Y-24,3,7/17/18,7/18/18,7/29/18,1,Yes,0,1,0,0,0,0,0,-79.94057,41.78049,1,12,11,2018,7,78,No,y2018,0,0
GG-25,4,7/21/18,7/24/18,7/26/18,1,Yes,0,3,0,0,0,0,0,-79.93905,41.77689,3,5,2,2018,7,82,No,y2018,0,0
F-17,3,7/22/18,7/24/18,8/13/18,0,No,0,3,0,3,0,3,0,-79.947,41.78812,2,22,20,2018,7,83,No,y2018,0,1
GG-34,3,7/26/18,8/8/18,8/9/18,1,Yes,0,3,0,0,0,0,0,-79.93376,41.77748,13,14,1,2018,7,87,No,y2018,0,0
P-12,1,5/20/19,5/20/19,6/13/19,0,No,0,4,0,4,0,4,0,-79.94879,41.78341,0,24,24,2019,5,20,No,y2019,0,1
R-16,1,5/20/19,5/24/19,6/7/19,1,Yes,0,4,0,4,0,0,0,-79.94597,41.78325,4,18,14,2019,5,20,No,y2019,0,1
GG-37,1,5/20/19,5/21/19,5/22/19,1,Yes,1,0,3,0,0,0,0,-79.93195,41.77742,1,2,1,2019,5,20,Yes,y2019,0,0
FF-26,1,5/21/19,5/21/19,5/23/19,1,Yes,1,0,2,0,0,0,0,-79.93841,41.77716,0,2,2,2019,5,21,Yes,y2019,0,0
II-35,1,5/21/19,5/21/19,5/23/19,1,Yes,0,1,1,0,0,0,0,-79.93337,41.7768,0,2,2,2019,5,21,Yes,y2019,0,0
King Road,1,5/21/19,5/21/19,6/15/19,0,No,0,3,1,2,1,2,1,-79.93086,41.77341,0,25,25,2019,5,21,Yes,y2019,1,1
K-15,1,5/22/19,5/24/19,6/15/19,0,No,0,4,0,4,0,3,0,-79.94717,41.78606,2,24,22,2019,5,22,No,y2019,0,1
AA-35,1,5/22/19,5/24/19,5/25/19,1,Yes,0,2,1,0,0,0,0,-79.93375,41.78041,2,3,1,2019,5,22,Yes,y2019,0,0
LL-36,1,5/22/19,5/27/19,6/15/19,0,No,0,2,1,2,1,2,1,-79.9319,41.7755,5,24,19,2019,5,22,Yes,y2019,1,1
GG-21,1,5/23/19,6/3/19,6/15/19,0,No,0,4,0,4,0,4,0,-79.94196,41.77649,11,23,12,2019,5,23,No,y2019,0,1
P-23,1,5/23/19,5/30/19,6/15/19,0,No,0,3,0,3,0,3,0,-79.94126,41.78505,7,23,16,2019,5,23,No,y2019,0,1
AA-23,1,5/23/19,5/30/19,6/10/19,1,Yes,0,5,0,1,0,0,0,-79.94071,41.77949,7,18,11,2019,5,23,No,y2019,0,1
BB-23,1,5/23/19,5/24/19,6/15/19,1,Yes,0,5,0,5,0,0,0,-79.9406,41.77904,1,23,22,2019,5,23,No,y2019,0,1
V-29,1,5/23/19,5/24/19,5/28/19,1,Yes,0,1,1,0,0,0,0,-79.93781,41.78202,1,5,4,2019,5,23,Yes,y2019,0,0
H-10,1,5/24/19,5/24/19,6/13/19,1,Yes,0,4,0,4,0,0,0,-79.95168,41.7863,0,20,20,2019,5,24,No,y2019,0,1
CC-29,1,5/24/19,5/24/19,6/16/19,0,No,0,3,1,3,1,3,1,-79.93745,41.77903,0,23,23,2019,5,24,Yes,y2019,1,1
KK-32,1,5/24/19,5/24/19,6/11/19,1,Yes,0,3,1,2,1,0,0,-79.9348,41.77536,0,18,18,2019,5,24,Yes,y2019,1,1
OO-36,1,5/24/19,5/24/19,6/16/19,0,No,0,4,0,4,0,4,0,-79.93178,41.77388,0,23,23,2019,5,24,No,y2019,0,1
N-11,1,5/25/19,5/25/19,6/10/19,1,Yes,0,2,1,0,1,0,0,-79.94987,41.78428,0,16,16,2019,5,25,Yes,y2019,1,1
G-16,1,5/25/19,6/11/19,6/18/19,0,No,0,4,0,4,0,4,0,-79.94716,41.78815,17,24,7,2019,5,25,No,y2019,0,1
T-18,1,5/25/19,5/27/19,6/17/19,0,No,0,4,0,4,0,1,0,-79.94495,41.78225,2,23,21,2019,5,25,No,y2019,0,1
S-26,1,5/25/19,6/15/19,6/18/19,0,No,0,4,0,4,0,4,0,-79.93902,41.78315,21,24,3,2019,5,25,No,y2019,0,1
II-34,1,5/25/19,5/27/19,6/8/19,1,Yes,0,3,2,0,0,0,0,-79.93342,41.77666,2,14,12,2019,5,25,Yes,y2019,0,0
EE-40,1,5/25/19,5/31/19,6/19/19,0,No,0,3,1,3,1,2,1,-79.93036,41.77854,6,25,19,2019,5,25,Yes,y2019,1,1
J-18,1,5/26/19,6/1/19,6/7/19,1,Yes,0,3,0,0,0,0,0,-79.94534,41.78675,6,12,6,2019,5,26,No,y2019,0,0
P-19,1,5/26/19,5/27/19,6/13/19,1,Yes,0,4,0,4,0,0,0,-79.94423,41.78404,1,18,17,2019,5,26,No,y2019,0,1
W-22,1,5/26/19,5/30/19,6/16/19,1,Yes,0,4,0,4,0,0,0,-79.94222,41.78095,4,21,17,2019,5,26,No,y2019,0,1
FF-25,2,5/26/19,5/27/19,6/20/19,0,No,0,5,0,4,0,4,0,-79.93897,41.7774,1,25,24,2019,5,26,No,y2019,0,1
S-24,1,5/26/19,5/27/19,6/16/19,1,Yes,0,3,1,3,1,0,0,-79.9387,41.77631,1,21,20,2019,5,26,Yes,y2019,1,1
GG-28,1,5/26/19,5/26/19,5/27/19,1,Yes,0,1,0,0,0,0,0,-79.93715,41.77713,0,1,1,2019,5,26,No,y2019,0,0
EE-23,1,5/27/19,6/4/19,6/20/19,0,No,0,4,0,4,0,4,0,-79.94016,41.77804,8,24,16,2019,5,27,No,y2019,0,1
JJ-27,1,5/27/19,5/31/19,6/19/19,1,Yes,0,3,1,2,1,0,0,-79.93822,41.7758,4,23,19,2019,5,27,Yes,y2019,1,1
P-21,1,5/28/19,5/30/19,6/19/19,1,Yes,0,4,1,3,1,0,0,-79.94315,41.78466,2,22,20,2019,5,28,Yes,y2019,1,1
X-20,1,5/28/19,6/7/19,6/18/19,1,Yes,0,2,1,2,1,0,0,-79.94312,41.78091,10,21,11,2019,5,28,Yes,y2019,1,1
JJ-30,1,5/28/19,5/31/19,6/22/19,0,No,0,4,1,3,1,0,1,-79.936,41.77626,3,25,22,2019,5,28,Yes,y2019,1,1
CC-31,1,5/28/19,5/28/19,6/5/19,1,Yes,0,4,1,0,0,0,0,-79.93594,41.77916,0,8,8,2019,5,28,Yes,y2019,0,0
KRGas N,1,5/28/19,5/31/19,6/12/19,1,Yes,0,4,0,0,0,0,0,-79.92841,41.78158,3,15,12,2019,5,28,No,y2019,0,0
KRPowL E,1,5/28/19,5/31/19,6/7/19,1,Yes,1,2,1,0,0,0,0,-79.92813,41.77694,3,10,7,2019,5,28,Yes,y2019,0,0
L-12,1,5/29/19,6/3/19,6/10/19,1,Yes,0,3,0,0,0,0,0,-79.94901,41.78555,5,12,7,2019,5,29,No,y2019,0,0
M-15,1,5/29/19,5/30/19,6/20/19,1,Yes,1,4,1,1,1,0,0,-79.94693,41.78509,1,22,21,2019,5,29,Yes,y2019,1,1
H-17,1,5/29/19,5/30/19,6/21/19,0,No,0,3,1,3,0,3,0,-79.94673,41.78737,1,23,22,2019,5,29,Yes,y2019,0,1
M-20,1,5/29/19,5/30/19,6/6/19,1,Yes,0,4,0,0,0,0,0,-79.94363,41.78547,1,8,7,2019,5,29,No,y2019,0,0
T-22,1,5/29/19,5/29/19,6/19/19,1,Yes,0,4,0,2,0,0,0,-79.9426,41.78245,0,21,21,2019,5,29,No,y2019,0,1
X-27,1,5/29/19,5/30/19,6/20/19,0,No,0,3,0,2,0,2,0,-79.93872,41.78102,1,22,21,2019,5,29,No,y2019,0,1
J-12,1,5/30/19,5/30/19,6/1/19,1,Yes,0,1,0,0,0,0,0,-79.94964,41.78624,0,2,2,2019,5,30,No,y2019,0,0
X-23,1,5/30/19,6/1/19,6/22/19,0,No,0,3,0,3,0,3,0,-79.94115,41.78066,2,23,21,2019,5,30,No,y2019,0,1
BB-21,1,5/31/19,6/3/19,6/25/19,0,No,0,4,0,3,0,2,0,-79.94231,41.7789,3,25,22,2019,5,31,No,y2019,0,1
EE-22,1,5/31/19,6/4/19,6/24/19,0,No,0,4,0,3,0,3,0,-79.94101,41.77798,4,24,20,2019,5,31,No,y2019,0,1
Y-31,2,6/1/19,6/3/19,6/22/19,1,Yes,0,3,0,2,0,0,0,-79.93636,41.78116,2,21,19,2019,6,32,No,y2019,0,1
FF-43,1,6/2/19,6/11/19,6/18/19,1,Yes,0,4,0,3,0,0,0,-79.92874,41.77831,9,16,7,2019,6,33,No,y2019,0,1
K-16,1,6/3/19,6/3/19,6/25/19,0,No,0,2,0,2,0,2,0,-79.94674,41.78649,0,22,22,2019,6,34,No,y2019,0,1
Z-28,1,6/4/19,6/7/19,6/8/19,1,Yes,0,4,0,0,0,0,0,-79.93871,41.7801,3,4,1,2019,6,35,No,y2019,0,0
KK-28,1,6/4/19,6/4/19,6/5/19,1,Yes,1,1,0,0,0,0,0,-79.93761,41.7754,0,1,1,2019,6,35,No,y2019,0,0
AA-32,1,6/6/19,6/9/19,6/19/19,1,Yes,0,2,0,0,0,0,0,-79.93596,41.78023,3,13,10,2019,6,37,No,y2019,0,0
NN-38,1,6/8/19,6/9/19,6/12/19,1,Yes,0,3,1,0,0,0,0,-79.93103,41.77431,1,4,3,2019,6,39,Yes,y2019,0,0
M-20,2,6/11/19,6/19/19,7/4/19,0,No,0,4,0,4,0,4,0,-79.94292,41.78647,8,23,15,2019,6,42,No,y2019,0,1
FF-34,2,6/11/19,7/1/19,7/3/19,0,No,0,null,1,0,1,0,1,-79.93353,41.77798,20,22,2,2019,6,42,Yes,y2019,1,1
I-19,2,6/12/19,6/17/19,6/22/19,1,Yes,0,2,1,0,0,0,0,-79.9456,41.78717,5,10,5,2019,6,43,Yes,y2019,0,0
LL-29,2,6/12/19,6/18/19,6/26/19,1,Yes,0,4,0,0,0,0,0,-79.9366,41.77499,6,14,8,2019,6,43,No,y2019,0,0
KRGas S,2,6/12/19,6/17/19,6/22/19,1,Yes,0,3,0,0,0,0,0,-79.92712,41.78061,5,10,5,2019,6,43,No,y2019,0,0
Q-16,2,6/13/19,6/14/19,6/20/19,1,Yes,1,4,0,0,0,0,0,-79.94602,41.78355,1,7,6,2019,6,44,No,y2019,0,0
HH-33,3,6/13/19,6/17/19,7/7/19,0,No,0,3,1,2,0,2,0,-79.93445,41.77703,4,24,20,2019,6,44,Yes,y2019,0,1
Z-27,2,6/15/19,6/21/19,6/26/19,1,Yes,0,2,0,0,0,0,0,-79.93855,41.77992,6,11,5,2019,6,46,No,y2019,0,0
K-13,2,6/17/19,6/30/19,7/6/19,1,Yes,0,4,0,4,0,0,0,-79.9483,41.78594,13,19,6,2019,6,48,No,y2019,0,1
R-19,2,6/18/19,6/18/19,7/11/19,0,No,0,4,0,4,0,3,0,-79.94424,41.78341,0,23,23,2019,6,49,No,y2019,0,1
N-11,2,6/19/19,6/24/19,7/6/19,1,Yes,0,3,0,1,0,0,0,-79.95004,41.7846,5,17,12,2019,6,50,No,y2019,0,1
BB-24,2,6/21/19,6/30/19,7/15/19,0,No,0,4,0,1,0,1,0,-79.94029,41.77869,9,24,15,2019,6,52,No,y2019,0,1
KRGasS,3,6/21/19,7/1/19,7/9/19,1,Yes,0,4,1,4,1,0,0,-79.92786,41.78066,10,18,8,2019,6,52,Yes,y2019,1,1
S-14,3,6/23/19,6/30/19,7/10/19,1,Yes,0,4,0,3,0,0,0,-79.94701,41.78246,7,17,10,2019,6,54,No,y2019,0,1
FF-44,2,6/23/19,7/6/19,7/17/19,0,No,0,3,0,3,0,3,0,-79.92782,41.77811,13,24,11,2019,6,54,No,y2019,0,1
J-14,2,6/24/19,6/30/19,7/16/19,0,No,0,3,0,2,0,2,0,-79.94767,41.78644,6,22,16,2019,6,55,No,y2019,0,1
W-23,2,6/24/19,6/24/19,7/15/19,0,No,0,3,0,1,0,1,0,-79.94106,41.78145,0,21,21,2019,6,55,No,y2019,0,1
KR Gas,1,6/24/19,7/13/19,7/17/19,0,No,0,null,0,1,0,1,0,-79.92855,41.78094,19,23,4,2019,6,55,No,y2019,0,1
X-17,2,6/25/19,6/30/19,7/18/19,0,No,0,3,0,3,0,3,0,-79.94473,41.78049,5,23,18,2019,6,56,No,y2019,0,1
S-21,2,6/26/19,6/30/19,7/19/19,0,No,0,3,0,3,0,3,0,-79.94341,41.78304,4,23,19,2019,6,57,No,y2019,0,1
HH-25,3,6/26/19,6/30/19,7/19/19,0,No,0,3,0,3,0,3,0,-79.93868,41.77669,4,23,19,2019,6,57,No,y2019,0,1
M-16,2,6/27/19,7/12/19,7/21/19,0,No,0,4,0,4,0,4,0,-79.94684,41.78543,15,24,9,2019,6,58,No,y2019,0,1
Y-28,3,6/27/19,7/3/19,7/18/19,0,No,0,3,0,2,0,2,0,-79.9382,41.78085,6,21,15,2019,6,58,No,y2019,0,1
X-29,3,6/27/19,7/7/19,7/20/19,0,No,0,2,1,1,1,1,1,-79.93739,41.78128,10,23,13,2019,6,58,Yes,y2019,1,1
JJ-34,2,6/27/19,6/30/19,7/16/19,1,Yes,0,2,1,1,1,0,0,-79.93368,41.77668,3,19,16,2019,6,58,Yes,y2019,1,1
FF-27,3,6/28/19,7/9/19,7/22/19,0,No,0,4,0,4,0,4,0,-79.93822,41.77755,11,24,13,2019,6,59,No,y2019,0,1
LL-36,2,6/28/19,7/3/19,7/4/19,1,Yes,0,2,1,0,0,0,0,-79.9325,41.77568,5,6,1,2019,6,59,Yes,y2019,0,0
P-14,2,6/29/19,7/2/19,7/23/19,0,No,0,4,0,4,0,4,0,-79.94742,41.78349,3,24,21,2019,6,60,No,y2019,0,1
J-18,3,6/29/19,7/8/19,7/22/19,0,No,0,3,0,3,0,3,0,-79.94564,41.78656,9,23,14,2019,6,60,No,y2019,0,1
GG-21,2,6/30/19,7/9/19,7/23/19,0,No,0,3,0,3,0,3,0,-79.94169,41.77628,9,23,14,2019,6,61,No,y2019,0,1
DD-27,2,6/30/19,7/16/19,7/22/19,0,No,0,3,0,3,0,3,0,-79.93854,41.77819,16,22,6,2019,6,61,No,y2019,0,1
AA-23,2,7/1/19,7/4/19,7/24/19,0,No,0,3,0,2,0,1,0,-79.94088,41.77962,3,23,20,2019,7,62,No,y2019,0,1
HH-26,3,7/1/19,7/24/19,7/25/19,0,No,0,null,0,3,0,3,0,-79.93856,41.77667,23,24,1,2019,7,62,No,y2019,0,1
P-21,2,7/2/19,7/4/19,7/25/19,0,No,0,2,0,1,0,1,0,-79.94265,41.78486,2,23,21,2019,7,63,No,y2019,0,1
S-25,2,7/2/19,7/10/19,7/27/19,0,No,0,3,0,3,0,3,0,-79.94023,41.78307,8,25,17,2019,7,63,No,y2019,0,1
NN-34,2,7/3/19,7/9/19,7/23/19,0,No,0,2,0,2,0,2,0,-79.93292,41.77456,6,20,14,2019,7,64,No,y2019,0,1
DD-33,2,7/4/19,7/10/19,7/15/19,1,Yes,0,1,1,0,0,0,0,-79.93484,41.7789,6,11,5,2019,7,65,Yes,y2019,0,0
J-12,3,7/5/19,7/8/19,7/27/19,0,No,0,3,0,3,0,2,0,-79.94966,41.7864,3,22,19,2019,7,66,No,y2019,0,1
LL-37,3,7/5/19,7/12/19,7/22/19,1,Yes,0,3,0,3,0,0,0,-79.93161,41.77583,7,17,10,2019,7,66,No,y2019,0,1
Y-26,2,7/6/19,7/7/19,7/22/19,1,Yes,0,4,0,4,0,0,0,-79.93906,41.7805,1,16,15,2019,7,67,No,y2019,0,1
EE-38,2,7/6/19,7/13/19,7/15/19,1,Yes,0,4,1,0,0,0,0,-79.93124,41.77881,7,9,2,2019,7,67,Yes,y2019,0,0
R-16,4,7/7/19,7/15/19,7/29/19,0,No,0,3,0,3,0,3,0,-79.94591,41.78293,8,22,14,2019,7,68,No,y2019,0,1
BB-29,2,7/7/19,7/10/19,7/30/19,0,No,0,3,0,3,0,3,0,-79.93722,41.77926,3,23,20,2019,7,68,No,y2019,0,1
MM-36,1,7/7/19,7/8/19,7/31/19,0,No,0,3,1,3,0,3,0,-79.93201,41.77533,1,24,23,2019,7,68,Yes,y2019,0,1
FF-35,3,7/8/19,7/12/19,7/19/19,1,Yes,0,3,0,0,0,0,0,-79.93356,41.77805,4,11,7,2019,7,69,No,y2019,0,0
LL-28,3,7/9/19,7/9/19,8/1/19,0,No,0,3,0,3,0,3,0,-79.93664,41.77482,0,23,23,2019,7,70,No,y2019,0,1
II-29,2,7/12/19,7/21/19,8/4/19,0,No,0,3,0,3,0,2,0,-79.93663,41.776,9,23,14,2019,7,73,No,y2019,0,1
KK-36,3,7/12/19,7/18/19,8/4/19,0,No,0,3,0,3,0,3,0,-79.93233,41.77605,6,23,17,2019,7,73,No,y2019,0,1
DD-22,2,7/13/19,7/14/19,8/5/19,0,No,0,3,0,3,0,3,0,-79.94139,41.7782,1,23,22,2019,7,74,No,y2019,0,1
OO-36,2,7/13/19,7/13/19,7/14/19,1,Yes,1,1,0,0,0,0,0,-79.93173,41.77392,0,1,1,2019,7,74,No,y2019,0,0
F-17,2,7/14/19,7/14/19,8/2/19,1,Yes,0,3,0,3,0,0,0,-79.94666,41.78836,0,19,19,2019,7,75,No,y2019,0,1
P-16,4,7/16/19,7/21/19,8/10/19,0,No,0,4,0,4,0,4,0,-79.94586,41.78389,5,25,20,2019,7,77,No,y2019,0,1
E-20,1,7/18/19,7/25/19,8/2/19,1,Yes,0,3,0,3,0,0,0,-79.94502,41.78903,7,15,8,2019,7,79,No,y2019,0,1
EE-40,3,7/20/19,7/21/19,8/12/19,0,No,0,3,0,3,0,3,0,-79.93029,41.77872,1,23,22,2019,7,81,No,y2019,0,1
King Road,2,7/20/19,7/21/19,8/11/19,0,No,0,3,0,3,0,3,0,-79.92999,41.77411,1,22,21,2019,7,81,No,y2019,0,1
W-25,3,7/28/19,7/28/19,8/10/19,1,Yes,0,3,0,0,0,0,0,-79.94001,41.78109,0,13,13,2019,7,89,No,y2019,0,0
V-22,1,5/24/20,5/25/20,6/10/20,1,Yes,0,4,0,3,0,0,0,-79.94202,41.78137,1,17,16,2020,5,24,No,y2020,0,1
F-18,1,5/25/20,5/31/20,6/7/20,1,Yes,0,4,0,0,0,0,0,-79.94694,41.78896,6,13,7,2020,5,25,No,y2020,0,0
DD-22,1,5/25/20,5/25/20,5/29/20,1,Yes,0,3,0,0,0,0,0,-79.94162,41.77816,0,4,4,2020,5,25,No,y2020,0,0
GG-30,1,5/25/20,5/27/20,6/20/20,0,No,0,4,1,3,0,3,0,-79.93633,41.77728,2,26,24,2020,5,25,Yes,y2020,0,1
R-16,1,5/26/20,6/4/20,6/17/20,1,Yes,0,3,1,2,1,0,0,-79.94639,41.78322,9,22,13,2020,5,26,Yes,y2020,1,1
JJ-27,1,5/26/20,5/27/20,5/28/20,1,Yes,0,1,1,0,0,0,0,-79.9382,41.77577,1,2,1,2020,5,26,Yes,y2020,0,0
F-16,1,5/27/20,5/30/20,6/20/20,0,No,0,4,1,3,0,3,0,-79.94684,41.788,3,24,21,2020,5,27,Yes,y2020,0,1
F-19,1,5/27/20,5/30/20,6/20/20,0,No,0,2,2,2,0,2,0,-79.94566,41.78895,3,24,21,2020,5,27,Yes,y2020,0,1
M-17,1,5/27/20,5/27/20,6/11/20,1,Yes,0,3,1,0,0,0,0,-79.9454,41.78509,0,15,15,2020,5,27,Yes,y2020,0,0
CC-24,1,5/27/20,5/27/20,6/9/20,1,Yes,0,3,0,0,0,0,0,-79.94045,41.77878,0,13,13,2020,5,27,No,y2020,0,0
DD-25,1,5/27/20,5/27/20,6/20/20,0,No,0,4,0,3,0,3,0,-79.93955,41.77808,0,24,24,2020,5,27,No,y2020,0,1
OO-36,1,5/27/20,6/8/20,6/20/20,0,No,0,3,2,0,1,0,1,-79.9318,41.77392,12,24,12,2020,5,27,Yes,y2020,1,1
KR House,1,5/28/20,6/2/20,6/12/20,1,Yes,0,1,2,0,0,0,0,-79.92786,41.77704,5,15,10,2020,5,28,Yes,y2020,0,0
X-19,1,5/29/20,6/6/20,6/24/20,0,No,0,4,0,4,0,4,0,-79.94373,41.78039,8,26,18,2020,5,29,No,y2020,0,1
JJ-35,1,5/29/20,5/29/20,5/30/20,1,Yes,1,1,2,0,0,0,0,-79.93329,41.77618,0,1,1,2020,5,29,Yes,y2020,0,0
NN-35,1,5/29/20,5/29/20,6/22/20,0,No,0,3,0,3,0,3,0,-79.93264,41.77442,0,24,24,2020,5,29,No,y2020,0,1
LL-36,1,5/29/20,5/29/20,6/23/20,0,No,0,2,1,2,1,1,1,-79.93196,41.77567,0,25,25,2020,5,29,Yes,y2020,1,1
Q-13,1,5/30/20,6/6/20,6/15/20,1,Yes,0,4,1,1,0,0,0,-79.9482,41.783,7,16,9,2020,5,30,Yes,y2020,0,1
K-15,1,5/30/20,6/4/20,6/22/20,0,No,0,2,2,2,0,1,0,-79.9474,41.7863,5,23,18,2020,5,30,Yes,y2020,0,1
I-19,1,5/30/20,5/30/20,6/21/20,1,Yes,0,3,1,3,1,0,0,-79.9448,41.78702,0,22,22,2020,5,30,Yes,y2020,1,1
P-21,1,5/30/20,6/3/20,6/23/20,0,No,0,4,0,4,0,4,0,-79.94264,41.78409,4,24,20,2020,5,30,No,y2020,0,1
GG-34,1,5/30/20,5/31/20,6/4/20,1,Yes,0,3,1,0,0,0,0,-79.93353,41.77768,1,5,4,2020,5,30,Yes,y2020,0,0
FF-37,1,5/30/20,6/2/20,6/14/20,1,Yes,0,2,3,0,0,0,0,-79.93233,41.77818,3,15,12,2020,5,30,Yes,y2020,0,0
CC-27,1,5/31/20,6/1/20,6/24/20,0,No,0,4,0,4,0,4,0,-79.93852,41.77895,1,24,23,2020,5,31,No,y2020,0,1
KR Gas Well,1,5/31/20,6/8/20,6/24/20,0,No,0,4,1,2,1,2,1,-79.92999,41.78103,8,24,16,2020,5,31,Yes,y2020,1,1
N-11,1,6/1/20,6/3/20,6/7/20,1,Yes,1,3,0,0,0,0,0,-79.94973,41.78418,2,6,4,2020,6,32,No,y2020,0,0
I-12,1,6/1/20,6/3/20,6/11/20,1,Yes,0,2,1,0,0,0,0,-79.94956,41.78658,2,10,8,2020,6,32,Yes,y2020,0,0
V-17,1,6/1/20,6/4/20,6/25/20,0,No,0,3,0,3,0,3,0,-79.94543,41.78114,3,24,21,2020,6,32,No,y2020,0,1
W-27,1,6/1/20,6/3/20,6/16/20,1,Yes,0,2,1,0,0,0,0,-79.93913,41.78154,2,15,13,2020,6,32,Yes,y2020,0,0
H-15,1,6/2/20,6/3/20,6/26/20,0,No,0,3,0,3,0,3,0,-79.94761,41.7872,1,24,23,2020,6,33,No,y2020,0,1
S-21,1,6/2/20,6/3/20,6/27/20,0,No,0,5,0,4,0,4,0,-79.94321,41.78318,1,25,24,2020,6,33,No,y2020,0,1
II-35,1,6/2/20,6/3/20,6/4/20,1,Yes,0,2,1,0,0,0,0,-79.93338,41.77688,1,2,1,2020,6,33,Yes,y2020,0,0
King Rd,1,6/2/20,6/7/20,6/18/20,1,Yes,0,3,1,2,1,0,0,-79.93085,41.77366,5,16,11,2020,6,33,Yes,y2020,1,1
FF-43,1,6/2/20,6/2/20,6/25/20,0,No,0,2,2,1,1,1,1,-79.92857,41.77856,0,23,23,2020,6,33,Yes,y2020,1,1
Y-27,1,6/3/20,6/5/20,6/7/20,1,Yes,0,3,0,0,0,0,0,-79.93898,41.78094,2,4,2,2020,6,34,No,y2020,0,0
CC-29,1,6/3/20,6/3/20,6/5/20,1,Yes,1,1,1,0,0,0,0,-79.93749,41.77899,0,2,2,2020,6,34,Yes,y2020,0,0
Y-32,1,6/3/20,6/6/20,6/25/20,0,No,0,3,1,2,0,2,0,-79.93581,41.78081,3,22,19,2020,6,34,Yes,y2020,0,1
DD-23,1,6/4/20,6/7/20,6/9/20,1,Yes,1,4,0,0,0,0,0,-79.94056,41.77836,3,5,2,2020,6,35,No,y2020,0,0
U-26,1,6/4/20,6/4/20,6/17/20,1,Yes,0,4,0,0,0,0,0,-79.93937,41.77528,0,13,13,2020,6,35,No,y2020,0,0
GG-21,2,6/5/20,6/7/20,6/29/20,0,No,0,4,0,3,0,3,0,-79.94146,41.77633,2,24,22,2020,6,36,No,y2020,0,1
EE-26,1,6/5/20,6/5/20,7/2/20,0,No,0,5,0,4,0,4,0,-79.93861,41.77789,0,27,27,2020,6,36,No,y2020,0,1
JJ-30,1,6/5/20,6/5/20,6/27/20,0,No,0,3,0,3,0,2,0,-79.93641,41.77585,0,22,22,2020,6,36,No,y2020,0,1
F-11,1,6/6/20,6/6/20,6/30/20,0,No,0,3,1,2,0,2,0,-79.94998,41.78785,0,24,24,2020,6,37,Yes,y2020,0,1
BB-31,1,6/7/20,6/7/20,6/9/20,1,Yes,1,1,1,0,0,0,0,-79.93575,41.77933,0,2,2,2020,6,38,Yes,y2020,0,0
LL-40,1,6/7/20,6/24/20,6/25/20,1,Yes,0,null,1,1,1,0,0,-79.92979,41.77573,17,18,1,2020,6,38,Yes,y2020,1,1
Y-28,1,6/12/20,6/16/20,6/18/20,1,Yes,0,2,1,0,0,0,0,-79.93774,41.78055,4,6,2,2020,6,43,Yes,y2020,0,0
AA-21,1,6/13/20,6/18/20,7/2/20,1,Yes,0,4,0,3,0,0,0,-79.94209,41.7791,5,19,14,2020,6,44,No,y2020,0,1
AA-18,1,6/14/20,6/24/20,7/8/20,0,No,0,2,1,2,1,2,0,-79.94376,41.7792,10,24,14,2020,6,45,Yes,y2020,1,1
F-18,2,6/15/20,6/25/20,7/7/20,0,No,0,3,0,2,0,2,0,-79.9471,41.78907,10,22,12,2020,6,46,No,y2020,0,1
X-23,1,6/15/20,6/16/20,6/21/20,1,Yes,0,4,0,0,0,0,0,-79.94173,41.78083,3,24,21,2014,7,68,Yes,y2014,0,0
BB-24,1,6/15/20,6/18/20,6/21/20,1,Yes,0,3,0,0,0,0,0,-79.94054,41.77891,3,6,3,2020,6,46,No,y2020,0,0
HH-27,1,6/17/20,6/17/20,7/1/20,1,Yes,0,3,1,0,0,0,0,-79.93797,41.77656,0,14,14,2020,6,48,Yes,y2020,0,0
DD-28,1,6/18/20,6/19/20,7/11/20,0,No,0,3,0,3,0,3,0,-79.93781,41.77848,1,23,22,2020,6,49,No,y2020,0,1
JJ-36,1,6/18/20,6/24/20,6/25/20,1,Yes,0,4,1,0,0,0,0,-79.93154,41.7765,6,7,1,2020,6,49,Yes,y2020,0,0
Q-15,1,6/20/20,6/25/20,7/11/20,1,Yes,0,4,0,4,0,0,0,-79.94695,41.78322,5,21,16,2020,6,51,No,y2020,0,1
EE-31,1,6/20/20,6/29/20,7/1/20,1,Yes,0,4,0,0,0,0,0,-79.93562,41.77838,9,11,2,2020,6,51,No,y2020,0,0
M-17,2,6/21/20,6/25/20,7/14/20,0,No,0,2,1,2,0,2,0,-79.94598,41.78536,4,23,19,2020,6,52,Yes,y2020,0,1
T-24,1,6/22/20,6/28/20,7/18/20,0,No,0,3,0,3,0,3,0,-79.94122,41.7826,6,26,20,2020,6,53,No,y2020,0,1
AA-27,1,6/23/20,6/29/20,7/15/20,0,No,0,3,0,3,0,3,0,-79.93848,41.77971,6,22,16,2020,6,54,No,y2020,0,1
LL-29,1,6/23/20,6/28/20,7/16/20,0,No,0,3,0,3,0,3,0,-79.93646,41.77496,5,23,18,2020,6,54,No,y2020,0,1
FF-35,1,6/23/20,6/24/20,7/17/20,0,No,0,3,0,2,0,2,0,-79.93311,41.77754,1,24,23,2020,6,54,No,y2020,0,1
King Rd,2,6/23/20,6/24/20,7/16/20,0,No,0,1,1,1,1,1,1,-79.92969,41.77377,1,23,22,2020,6,54,Yes,y2020,1,1
R-18,1,6/24/20,6/28/20,7/17/20,0,No,0,4,1,2,0,2,0,-79.94469,41.78312,4,23,19,2020,6,55,Yes,y2020,0,1
AA-24,1,6/24/20,6/30/20,7/17/20,0,No,0,3,0,3,0,3,0,-79.94025,41.77985,6,23,17,2020,6,55,No,y2020,0,1
X-27,1,6/25/20,6/30/20,7/12/20,1,Yes,0,1,1,1,1,0,0,-79.93887,41.78086,5,17,12,2020,6,56,Yes,y2020,1,1
EE-40,1,6/25/20,6/28/20,7/11/20,1,Yes,0,3,1,0,0,0,0,-79.9305,41.77859,3,16,13,2020,6,56,Yes,y2020,0,0
H-17,1,6/27/20,7/1/20,7/10/20,1,Yes,0,4,0,0,0,0,0,-79.94635,41.78742,4,13,9,2020,6,58,No,y2020,0,0
W-23,1,6/27/20,7/1/20,7/19/20,1,Yes,0,4,0,4,0,0,0,-79.94113,41.7814,4,22,18,2020,6,58,No,y2020,0,1
CC-24,2,6/28/20,7/2/20,7/21/20,0,No,0,3,0,3,0,3,0,-79.9399,41.77879,4,23,19,2020,6,59,No,y2020,0,1
X-25,1,6/29/20,6/26/20,7/22/20,0,No,0,3,0,2,0,2,0,-79.93976,41.78058,0,23,26,2020,6,60,No,y2020,0,1
GG-30,2,6/29/20,7/5/20,7/18/20,1,Yes,0,2,0,2,0,0,0,-79.93635,41.77747,6,19,13,2020,6,60,No,y2020,0,1
F-19,2,6/30/20,7/9/20,7/23/20,0,No,0,3,0,3,0,3,0,-79.94586,41.78865,9,23,14,2020,6,61,No,y2020,0,1
LL-36,2,7/1/20,7/5/20,7/16/20,1,Yes,0,3,2,0,0,0,0,-79.93174,41.77528,4,15,11,2020,7,62,Yes,y2020,0,0
JJ-33,1,7/3/20,7/12/20,7/24/20,0,No,0,4,0,3,0,1,0,-79.93407,41.77594,9,21,12,2020,7,64,No,y2020,0,1
L-16,1,7/6/20,7/7/20,7/22/20,1,Yes,0,2,0,1,0,0,0,-79.94679,41.78577,1,16,15,2020,7,67,No,y2020,0,1
F-17,1,7/7/20,7/13/20,7/30/20,1,Yes,0,4,0,4,0,0,0,-79.94715,41.78782,6,23,17,2020,7,68,No,y2020,0,1
GG-28,1,7/7/20,7/10/20,7/11/20,1,Yes,0,3,0,0,0,0,0,-79.93725,41.77718,3,4,1,2020,7,68,No,y2020,0,0
AA-21,2,7/8/20,7/17/20,7/30/20,0,No,0,3,0,3,0,3,0,-79.94205,41.77951,9,22,13,2020,7,69,No,y2020,0,1
I-11,1,7/9/20,7/9/20,7/31/20,0,No,0,3,0,3,0,3,0,-79.94971,41.78674,0,22,22,2020,7,70,No,y2020,0,1
KK-32,1,7/9/20,7/14/20,8/1/20,0,No,0,3,0,3,0,3,0,-79.93475,41.77537,5,23,18,2020,7,70,No,y2020,0,1
EE-41,1,7/9/20,7/12/20,7/27/20,1,Yes,0,3,0,2,0,0,0,-79.9295,41.77921,3,18,15,2020,7,70,No,y2020,0,1
N-11,2,7/11/20,7/15/20,7/16/20,1,Yes,0,3,0,0,0,0,0,-79.94981,41.7841,4,5,1,2020,7,72,No,y2020,0,0
EE-26,2,7/11/20,7/26/20,8/2/20,0,No,0,3,0,3,0,3,0,-79.93818,41.77786,15,22,7,2020,7,72,No,y2020,0,1
II-28,1,7/12/20,7/14/20,8/4/20,1,Yes,0,3,0,3,0,3,0,-79.9367,41.77602,2,23,21,2020,7,73,No,y2020,0,1
KR Gas Well,2,7/13/20,7/21/20,8/5/20,0,No,0,3,0,3,0,3,0,-79.92753,41.78185,8,23,15,2020,7,74,No,y2020,0,1
H-19,1,7/16/20,7/18/20,7/21/20,1,Yes,0,3,0,0,0,0,0,-79.94532,41.78752,2,5,3,2020,7,77,No,y2020,0,0
AA-25,1,7/16/20,8/7/20,8/9/20,0,No,0,3,0,2,0,2,0,-79.93915,41.77957,22,24,2,2020,7,77,No,y2020,0,1
P-14,1,7/20/20,7/21/20,8/12/20,0,No,0,2,0,2,0,2,0,-79.94743,41.78394,1,23,22,2020,7,81,No,y2020,0,1
X-19,2,7/20/20,7/31/20,8/4/20,1,Yes,1,2,0,2,0,0,0,-79.94389,41.78061,11,15,4,2020,7,81,No,y2020,0,1
FF-30,1,7/24/20,7/31/20,8/17/20,0,No,0,3,0,3,0,3,0,-79.9361,41.77756,7,24,17,2020,7,85,No,y2020,0,1
W-21,1,7/25/20,8/6/20,8/17/20,0,No,0,3,0,3,0,3,0,-79.9426,41.78109,12,23,11,2020,7,86,No,y2020,0,1
FF-26,1,7/25/20,7/26/20,8/1/20,1,Yes,0,3,0,0,0,0,0,-79.93845,41.7765,1,7,6,2020,7,86,No,y2020,0,0
H-18,2,7/26/20,7/29/20,8/11/20,1,Yes,0,3,0,2,0,0,0,-79.94593,41.78717,3,16,13,2020,7,87,No,y2020,0,1
K-16,1,7/29/20,8/6/20,8/20/20,0,No,0,3,0,3,0,3,0,-79.94719,41.78587,8,22,14,2020,7,90,No,y2020,0,1
CC-38,1,7/29/20,7/31/20,8/14/20,1,Yes,0,3,0,0,0,0,0,-79.9321,41.77938,2,16,14,2020,7,90,No,y2020,0,0